{"stats":{"minecraft:used":{"minecraft:wooden_axe":10,"minecraft:bread":3,"minecraft:stone_pickaxe":25,"minecraft:wooden_pickaxe":17,"minecraft:stone_axe":35,"minecraft:sand":6,"minecraft:crafting_table":3,"minecraft:furnace":1},"minecraft:mined":{"minecraft:magma_block":3,"minecraft:furnace":1,"minecraft:pumpkin":7,"treechop:chopped_log":4,"minecraft:crafting_table":3,"minecraft:grass":1,"minecraft:sand":11,"minecraft:stone":33,"minecraft:netherrack":3,"minecraft:oak_leaves":3},"minecraft:picked_up":{"minecraft:crafting_table":3,"minecraft:magma_block":3,"minecraft:pumpkin":6,"minecraft:potato":1,"minecraft:porkchop":5,"minecraft:sand":11,"minecraft:oak_log":25,"minecraft:string":1,"minecraft:rotten_flesh":1,"minecraft:apple":1,"minecraft:oak_sapling":14,"twigs:twig":15,"minecraft:netherrack":3,"minecraft:mutton":5,"minecraft:white_wool":4,"minecraft:egg":1,"minecraft:cobblestone":33,"minecraft:furnace":1},"minecraft:custom":{"minecraft:time_since_rest":33777,"minecraft:sprint_one_cm":58145,"lootr:looted_stat":1,"minecraft:interact_with_furnace":4,"minecraft:damage_taken":43,"minecraft:walk_one_cm":69640,"minecraft:mob_kills":9,"minecraft:damage_dealt":1072,"minecraft:interact_with_crafting_table":7,"minecraft:fly_one_cm":6938,"minecraft:play_time":33777,"minecraft:walk_under_water_one_cm":1731,"minecraft:jump":107,"minecraft:leave_game":1,"minecraft:time_since_death":33777,"minecraft:walk_on_water_one_cm":5767,"minecraft:total_world_time":33777,"minecraft:hex":0,"minecraft:fall_one_cm":476},"minecraft:crafted":{"minecraft:oak_planks":36,"minecraft:charcoal":16,"minecraft:crafting_table":1,"minecraft:stick":38,"minecraft:wooden_pickaxe":1,"minecraft:stone_pickaxe":1,"minecraft:wooden_axe":1,"minecraft:furnace":1,"minecraft:torch":4,"minecraft:stone_axe":1,"minecraft:air":0},"minecraft:killed":{"minecraft:sheep":4,"minecraft:zombie":1,"minecraft:pig":3,"minecraft:spider":1}},"DataVersion":3465}