{"stats":{"minecraft:mined":{"minecraft:grass":1,"minecraft:magma_block":3,"minecraft:pumpkin":7,"minecraft:netherrack":3,"treechop:chopped_log":1,"minecraft:oak_leaves":2,"minecraft:crafting_table":1},"minecraft:used":{"minecraft:wooden_axe":10,"minecraft:crafting_table":1,"minecraft:wooden_pickaxe":6},"minecraft:crafted":{"minecraft:oak_planks":36,"minecraft:crafting_table":1,"minecraft:stick":4,"minecraft:wooden_pickaxe":1,"minecraft:wooden_axe":1},"minecraft:custom":{"minecraft:time_since_rest":8660,"minecraft:play_time":8660,"lootr:looted_stat":1,"minecraft:sprint_one_cm":21326,"minecraft:damage_taken":20,"minecraft:walk_one_cm":10728,"minecraft:jump":31,"minecraft:leave_game":1,"minecraft:time_since_death":8660,"minecraft:hex":0,"minecraft:total_world_time":8660,"minecraft:interact_with_crafting_table":1,"minecraft:fly_one_cm":1690},"minecraft:picked_up":{"minecraft:magma_block":3,"minecraft:crafting_table":1,"minecraft:pumpkin":6,"minecraft:oak_log":9,"minecraft:oak_sapling":7,"twigs:twig":5,"minecraft:netherrack":3}},"DataVersion":3465}