{"stats":{"minecraft:used":{"minecraft:stone_pickaxe":368,"minecraft:oak_planks":2,"minecraft:wooden_pickaxe":17,"minecraft:chest":1,"minecraft:shield":36,"minecraft:torch":4,"minecraft:sand":6,"minecraft:crafting_table":7,"minecraft:wooden_axe":10,"minecraft:bread":21,"archers:golden_spear":29,"minecraft:stone_axe":91,"minecraft:golden_sword":32,"minecraft:cobblestone":72,"minecraft:furnace":3,"minecraft:experience_bottle":2,"comforts:sleeping_bag_white":1,"botania:lime_mystical_flower":1},"minecraft:mined":{"create_new_age:magnetite_block":2,"modern_industrialization:deepslate_antimony_ore":1,"minecraft:crafting_table":4,"minecraft:granite":31,"minecraft:grass_block":1,"modern_industrialization:nickel_ore":5,"minecraft:cobblestone":3,"minecraft:copper_ore":24,"minecraft:sugar_cane":2,"techreborn:tin_ore":34,"minecraft:deepslate_copper_ore":2,"minecraft:magma_block":3,"minecraft:furnace":2,"minecraft:iron_ore":2,"minecraft:andesite":23,"minecraft:pumpkin":7,"treechop:chopped_log":5,"minecraft:grass":4,"minecraft:sand":19,"minecraft:dirt":2,"minecraft:stone":242,"promenade:asphalt":2,"minecraft:netherrack":3,"minecraft:oak_leaves":3,"minecraft:deepslate":3},"minecraft:picked_up":{"techreborn:raw_tin":68,"minecraft:crafting_table":4,"minecraft:magma_block":3,"modern_industrialization:raw_antimony":1,"minecraft:andesite":46,"minecraft:leather":5,"minecraft:brown_mushroom":1,"minecraft:red_mushroom":1,"minecraft:potato":1,"minecraft:oak_log":25,"minecraft:string":4,"minecraft:raw_copper":93,"minecraft:apple":1,"comforts:sleeping_bag_white":1,"minecraft:wheat_seeds":3,"minecraft:cobbled_deepslate":3,"adventurez:raw_venison":7,"create_new_age:magnetite_block":2,"ftbquests:book":1,"minecraft:beef":3,"minecraft:stone_pickaxe":1,"twigs:twig":16,"minecraft:sugar_cane":3,"minecraft:furnace":2,"minecraft:egg":1,"minecraft:raw_iron":2,"minecraft:pumpkin":6,"promenade:asphalt":2,"minecraft:torch":2,"minecraft:porkchop":5,"minecraft:sand":18,"regions_unexplored:mauve_planks":40,"regions_unexplored:mauve_sapling":2,"minecraft:rotten_flesh":14,"modern_industrialization:raw_nickel":5,"botania:lime_mystical_flower":1,"minecraft:stone_axe":1,"regions_unexplored:mauve_log":7,"minecraft:gold_ingot":1,"minecraft:oak_sapling":14,"minecraft:netherrack":3,"minecraft:mutton":5,"adventurez:orc_skin":2,"minecraft:white_wool":7,"minecraft:cobblestone":306},"minecraft:custom":{"minecraft:interact_with_furnace":17,"lootr:looted_stat":11,"minecraft:mob_kills":36,"minecraft:interact_with_crafting_table":21,"minecraft:open_barrel":7,"minecraft:damage_dealt_resisted":0,"minecraft:leave_game":2,"minecraft:time_since_death":34373,"minecraft:sleep_in_bed":2,"minecraft:climb_one_cm":176,"minecraft:hex":0,"minecraft:time_since_rest":11432,"minecraft:sprint_one_cm":322572,"minecraft:damage_taken":1080,"minecraft:walk_one_cm":262792,"minecraft:damage_blocked_by_shield":560,"minecraft:drop":27,"minecraft:damage_dealt":6584,"minecraft:swim_one_cm":22567,"minecraft:talked_to_villager":12,"minecraft:fly_one_cm":65568,"minecraft:open_chest":10,"minecraft:crouch_one_cm":1357,"minecraft:play_time":115280,"minecraft:deaths":1,"minecraft:sneak_time":1636,"minecraft:walk_under_water_one_cm":7105,"minecraft:jump":799,"minecraft:walk_on_water_one_cm":16010,"minecraft:total_world_time":115280,"minecraft:fall_one_cm":10010},"minecraft:crafted":{"minecraft:oak_planks":36,"minecraft:cooked_porkchop":5,"minecraft:crafting_table":4,"comforts:sleeping_bag_white":1,"travelersbackpack:backpack_tank":2,"minecraft:wooden_pickaxe":1,"travelersbackpack:standard":1,"minecraft:furnace":2,"minecraft:stone_axe":1,"minecraft:air":0,"minecraft:glass":12,"regions_unexplored:mauve_planks":28,"minecraft:charcoal":16,"minecraft:stick":38,"minecraft:iron_ingot":4,"minecraft:stone_pickaxe":4,"minecraft:wooden_axe":1,"minecraft:chest":2,"minecraft:torch":4},"minecraft:dropped":{"minecraft:stone_axe":1,"minecraft:brown_mushroom":1,"minecraft:wheat_seeds":2,"minecraft:cobblestone":88,"minecraft:rotten_flesh":14,"minecraft:apple":1,"regions_unexplored:mauve_planks":39,"promenade:asphalt":2,"minecraft:red_mushroom":1,"techreborn:raw_tin":34,"adventurez:orc_skin":1,"minecraft:torch":2,"minecraft:andesite":23,"minecraft:stone_pickaxe":1,"twigs:twig":1,"regions_unexplored:mauve_sapling":1,"ftbquests:book":1,"minecraft:white_wool":3,"minecraft:egg":1},"minecraft:killed_by":{"mutantmonsters:mutant_skeleton":1},"minecraft:broken":{"minecraft:stone_pickaxe":2,"minecraft:golden_sword":1,"minecraft:stone_axe":1,"archers:golden_spear":1},"minecraft:killed":{"minecraft:pig":3,"minecraft:spider":3,"minecraft:sheep":4,"minecraft:skeleton":1,"minecraft:pillager":14,"adventurez:deer":3,"minecraft:zombie":4,"minecraft:cow":1,"minecraft:enderman":1,"adventurez:orc":1}},"DataVersion":3465}