{"stats":{"minecraft:used":{"minecraft:wooden_axe":10,"minecraft:stone_pickaxe":10,"minecraft:wooden_pickaxe":17,"minecraft:stone_axe":16,"minecraft:sand":6,"minecraft:crafting_table":3,"minecraft:furnace":1},"minecraft:mined":{"minecraft:magma_block":3,"minecraft:pumpkin":7,"treechop:chopped_log":4,"minecraft:crafting_table":2,"minecraft:grass":1,"minecraft:sand":11,"minecraft:stone":19,"minecraft:netherrack":3,"minecraft:oak_leaves":2},"minecraft:picked_up":{"minecraft:crafting_table":2,"minecraft:magma_block":3,"minecraft:pumpkin":6,"minecraft:sand":11,"minecraft:oak_log":25,"minecraft:oak_sapling":14,"twigs:twig":15,"minecraft:netherrack":3,"minecraft:cobblestone":19},"minecraft:custom":{"minecraft:time_since_rest":21777,"minecraft:sprint_one_cm":21326,"lootr:looted_stat":1,"minecraft:interact_with_furnace":3,"minecraft:damage_taken":20,"minecraft:walk_one_cm":26463,"minecraft:interact_with_crafting_table":5,"minecraft:fly_one_cm":1690,"minecraft:play_time":21777,"minecraft:walk_under_water_one_cm":1236,"minecraft:jump":44,"minecraft:leave_game":1,"minecraft:time_since_death":21777,"minecraft:walk_on_water_one_cm":3227,"minecraft:total_world_time":21777,"minecraft:hex":0},"minecraft:crafted":{"minecraft:oak_planks":36,"minecraft:charcoal":8,"minecraft:crafting_table":1,"minecraft:stick":18,"minecraft:wooden_pickaxe":1,"minecraft:stone_pickaxe":1,"minecraft:wooden_axe":1,"minecraft:furnace":1,"minecraft:stone_axe":1,"minecraft:air":0}},"DataVersion":3465}