{"stats":{"minecraft:killed":{"minecraft:cave_spider":46,"minecraft:spider":11,"bewitchment:ghost":2,"minecraft:skeleton":16,"derelict:spiderling":4,"adventurez:orc":1,"artifacts:mimic":2,"minecraft:husk":14,"minecraft:pig":3,"graveyard:ghoul":3,"minecraft:zombie_villager":1,"mythicmobs:drake":1,"minecraft:creeper":1,"minecraft:squid":4,"minecraft:sheep":6,"minecraft:pillager":17,"adventurez:deer":3,"minecraft:zombie":27,"minecraft:enderman":1,"minecraft:cow":8},"minecraft:picked_up":{"techreborn:raw_tin":73,"minecraft:charcoal":18,"minecraft:crafting_table":7,"modern_industrialization:lignite_coal":23,"create_new_age:thorium":48,"croptopia:peach":20,"croptopia:cinnamon_log":4,"minecraft:smithing_table":1,"artifacts:bunny_hoppers":1,"minecraft:brown_mushroom":1,"croptopia:calamari":3,"promenade:blunite":25,"minecraft:oak_trapdoor":11,"minecraft:string":77,"minecraft:raw_copper":93,"minecraft:cyan_carpet":1,"minecraft:cobbled_deepslate":29,"bosses_of_mass_destruction:soul_star":1,"comforts:sleeping_bag_white":1,"minecraft:beef":15,"minecraft:cobblestone_slab":67,"minecraft:jungle_sapling":2,"minecraft:player_head":1,"minecraft:calcite":4,"croptopia:coconut":12,"minecraft:iron_nugget":14,"croptopia:cinnamon_sapling":3,"minecraft:sugar_cane":3,"minecraft:furnace":3,"minecraft:egg":5,"minecraft:stick":1,"minecraft:raw_iron":11,"promenade:asphalt":2,"minecraft:torch":23,"twigs:bamboo_leaves":3,"minecraft:porkchop":5,"minecraft:diorite":3,"regions_unexplored:daisy":4,"minecraft:dark_oak_planks":5,"indrev:raw_lead":2,"artifacts:snorkel":1,"minecraft:arrow":11,"botania:lime_mystical_flower":1,"minecraft:rotten_flesh":70,"regions_unexplored:mauve_sapling":2,"expandeddelight:asparagus":1,"minecraft:beetroot_seeds":1,"regions_unexplored:mauve_log":7,"minecraft:gold_ingot":1,"minecraft:mutton":7,"adventurez:orc_skin":2,"minecraft:skeleton_skull":1,"minecraft:white_wool":19,"minecraft:cobblestone":598,"minecraft:magma_block":3,"modern_industrialization:raw_antimony":1,"minecraft:jungle_log":8,"minecraft:andesite":50,"minecraft:leather":13,"minecraft:smoker":1,"minecraft:red_mushroom":9,"minecraft:potato":3,"minecraft:tuff":2,"minecraft:oak_log":120,"minecraft:gunpowder":2,"minecraft:lapis_lazuli":14,"bewitchment:aconite_seeds":2,"minecraft:dirt":61,"minecraft:paper":4,"minecraft:bone":49,"minecraft:apple":4,"minecraft:wheat_seeds":6,"adventurez:raw_venison":7,"create_new_age:magnetite_block":2,"ftbquests:book":1,"bewitchment:mandrake_seeds":1,"minecraft:iron_ingot":5,"minecraft:stone_pickaxe":1,"minecraft:bamboo":8,"twigs:twig":46,"minecraft:oak_planks":14,"regions_unexplored:bamboo_log":13,"minecraft:pumpkin":6,"regions_unexplored:willow_sapling":1,"minecraft:jungle_planks":2,"minecraft:sand":18,"justhammers:stone_hammer":1,"minecraft:blast_furnace":1,"minecraft:ink_sac":7,"minecraft:spider_eye":16,"minecraft:mossy_cobblestone":38,"indrev:sulfur_crystal":2,"regions_unexplored:mauve_planks":40,"adventurez:cooked_venison":7,"modern_industrialization:raw_nickel":5,"regions_unexplored:fireweed":1,"minecraft:stone_axe":1,"minecraft:granite":3,"minecraft:emerald":8,"minecraft:oak_sapling":95,"minecraft:damaged_anvil":1,"minecraft:netherrack":3,"minecraft:coal":29},"minecraft:custom":{"minecraft:interact_with_smithing_table":13,"lootr:looted_stat":33,"minecraft:mob_kills":177,"minecraft:interact_with_crafting_table":73,"minecraft:open_barrel":7,"minecraft:damage_dealt_resisted":0,"minecraft:eat_cake_slice":3,"minecraft:leave_game":4,"minecraft:time_since_death":139557,"minecraft:damage_resisted":0,"minecraft:climb_one_cm":18254,"minecraft:sprint_one_cm":858358,"minecraft:damage_blocked_by_shield":3343,"minecraft:walk_one_cm":967133,"minecraft:drop":68,"minecraft:talked_to_villager":15,"minecraft:play_time":435762,"minecraft:sneak_time":11628,"minecraft:deaths":2,"minecraft:walk_under_water_one_cm":30849,"minecraft:jump":2713,"minecraft:interact_with_blast_furnace":10,"minecraft:walk_on_water_one_cm":85215,"minecraft:total_world_time":435762,"minecraft:interact_with_furnace":39,"minecraft:hex":0,"minecraft:sleep_in_bed":8,"minecraft:time_since_rest":91941,"minecraft:damage_taken":4330,"minecraft:damage_dealt":38259,"minecraft:swim_one_cm":46680,"minecraft:fly_one_cm":274194,"minecraft:open_chest":55,"minecraft:crouch_one_cm":26494,"minecraft:fall_one_cm":44213,"minecraft:interact_with_smoker":13,"minecraft:horse_one_cm":10006},"minecraft:killed_by":{"mutantmonsters:mutant_skeleton":1,"minecraft:witch":1},"minecraft:crafted":{"minecraft:cobblestone_slab":66,"jewelry:emerald_necklace":1,"minecraft:oak_planks":260,"travelersbackpack:crafting_upgrade":2,"minecraft:iron_nugget":9,"comforts:sleeping_bag_white":1,"brewery:sausage":11,"minecraft:furnace":4,"minecraft:stone":19,"simplyswords:iron_warglaive":1,"travelersbackpack:gold_tier_upgrade":1,"travelersbackpack:blank_upgrade":4,"minecraft:oak_trapdoor":14,"minecraft:cooked_mutton":5,"croptopia:peach_sapling":1,"minecraft:glass":12,"regions_unexplored:mauve_planks":28,"minecraft:iron_axe":2,"minecraft:stone_pickaxe":4,"minecraft:chest":5,"modern_industrialization:antimony_ingot":1,"minecraft:smoker":1,"minecraft:cooked_beef":22,"travelersbackpack:iron_tier_upgrade":1,"minecraft:cooked_porkchop":5,"minecraft:crafting_table":6,"brewery:pork_knuckle":5,"rogues:stone_double_axe":4,"travelersbackpack:backpack_tank":2,"minecraft:wooden_pickaxe":1,"travelersbackpack:standard":5,"minecraft:smithing_table":1,"minecraft:bucket":3,"minecraft:copper_ingot":31,"paladins:iron_mace":1,"minecraft:stone_axe":1,"minecraft:air":0,"minecraft:jungle_planks":32,"travelersbackpack:squid":1,"croptopia:coconut_sapling":1,"minecraft:charcoal":26,"justhammers:stone_hammer":6,"techreborn:nickel_ingot":5,"minecraft:stick":269,"minecraft:iron_ingot":31,"minecraft:wooden_axe":1,"minecraft:gold_ingot":6,"minecraft:white_bed":2,"minecraft:torch":20,"things:bater_wucket":1,"adventurez:cooked_venison":7,"minecraft:shears":2},"minecraft:mined":{"minecraft:dark_oak_planks":5,"minecraft:oak_sapling":1,"minecraft:mossy_cobblestone":8,"modern_industrialization:deepslate_antimony_ore":1,"minecraft:granite":31,"minecraft:grass_block":7,"minecells:rotting_corpse":1,"create_new_age:thorium_ore":12,"minecraft:spruce_leaves":2,"modern_industrialization:lignite_coal_ore":1,"minecraft:red_mushroom":1,"minecraft:spawner":2,"minecraft:magma_block":3,"minecraft:oak_trapdoor":11,"minecraft:furnace":3,"minecraft:jungle_sapling":1,"minecraft:iron_ore":3,"minecraft:andesite":23,"treechop:chopped_log":24,"minecraft:pumpkin":7,"minecraft:vine":6,"minecraft:cobblestone_slab":40,"expandeddelight:wild_asparagus":1,"regions_unexplored:medium_grass":1,"minecraft:bamboo":1,"minecraft:stone":259,"minecraft:player_head":1,"minecraft:smithing_table":1,"minecraft:smoker":1,"create_new_age:magnetite_block":2,"minecraft:torch":6,"minecraft:crafting_table":7,"minecraft:blast_furnace":1,"minecraft:calcite":2,"minecraft:lapis_ore":2,"modern_industrialization:nickel_ore":5,"minecraft:copper_ore":24,"minecraft:tall_grass":2,"minecraft:cobblestone":10,"minecraft:oak_planks":14,"minecraft:sugar_cane":2,"minecraft:damaged_anvil":1,"minecraft:wall_torch":4,"techreborn:tin_ore":37,"minecraft:deepslate_copper_ore":2,"supplementaries:urn":11,"farmersdelight:wild_beetroots":1,"minecraft:grass":21,"minecraft:oak_log":2,"minecraft:sand":19,"minecraft:cyan_carpet":1,"minecraft:dirt":20,"minecraft:cobweb":15,"promenade:asphalt":2,"minecraft:netherrack":3,"minecraft:oak_leaves":3,"minecraft:deepslate":3,"minecraft:fern":1},"minecraft:broken":{"minecraft:stone_sword":1,"simplyswords:iron_warglaive":1,"minecraft:stone_pickaxe":4,"minecraft:golden_sword":1,"beachparty:rubber_ring_pelican":1,"minecraft:iron_axe":1,"rogues:warrior_armor_feet":1,"minecraft:stone_axe":1,"archers:golden_spear":1,"rogues:stone_double_axe":4,"rogues:golden_glaive":1},"minecraft:dropped":{"twigs:bamboo_leaves":3,"regions_unexplored:fireweed":1,"minecraft:brown_mushroom":1,"minecraft:wheat_seeds":5,"minecraft:oak_log":2,"croptopia:cinnamon_sapling":2,"minecraft:cobblestone":147,"regions_unexplored:willow_sapling":1,"minecraft:apple":1,"minecraft:jungle_planks":2,"regions_unexplored:daisy":4,"minecraft:red_mushroom":5,"minecraft:stick":1,"bewitchment:aconite_seeds":2,"minecraft:dirt":47,"minecraft:diorite":3,"techreborn:raw_tin":34,"minecraft:torch":2,"minecraft:paper":4,"ftbquests:book":1,"minecraft:white_wool":3,"regions_unexplored:mauve_sapling":1,"minecraft:bone":26,"twigs:twig":2,"expandeddelight:asparagus":1,"minecraft:stone_axe":1,"regions_unexplored:bamboo_log":13,"minecraft:tuff":2,"minecraft:rotten_flesh":14,"regions_unexplored:mauve_planks":39,"promenade:asphalt":2,"justhammers:stone_hammer":3,"bewitchment:mandrake_seeds":1,"adventurez:orc_skin":1,"minecraft:beetroot_seeds":1,"promenade:blunite":19,"minecraft:andesite":23,"minecraft:oak_sapling":44,"minecraft:bamboo":8,"minecraft:stone_pickaxe":1,"minecraft:calcite":4,"minecraft:egg":1},"minecraft:used":{"minecraft:oak_trapdoor":15,"minecraft:stone_sword":129,"simplyswords:iron_warglaive":174,"minecraft:chest":3,"minecraft:shield":138,"rogues:stone_double_axe":423,"minecraft:torch":32,"minecraft:dirt":2,"brewery:sausage":5,"things:bater_wucket":9,"croptopia:cinnamon_log":1,"regions_unexplored:mauve_sapling":1,"minecraft:jungle_sapling":1,"minecraft:dark_oak_planks":3,"minecraft:wooden_axe":10,"minecraft:iron_axe":221,"travelersbackpack:squid":1,"rogues:golden_glaive":28,"archers:golden_spear":29,"minecraft:golden_sword":32,"minecraft:oak_sapling":36,"minecraft:furnace":5,"minecraft:cobbled_deepslate":25,"comforts:sleeping_bag_white":1,"minecraft:cooked_beef":11,"botania:lime_mystical_flower":1,"minecraft:cooked_mutton":5,"minecraft:oak_planks":80,"minecraft:stone_pickaxe":428,"minecraft:wooden_pickaxe":17,"minecraft:cobblestone_slab":92,"minecraft:mossy_cobblestone":8,"minecraft:sand":6,"paladins:iron_mace":173,"minecraft:blast_furnace":1,"minecraft:crafting_table":11,"minecraft:white_bed":2,"minecraft:cake":1,"minecraft:smoker":2,"minecraft:oak_log":2,"minecraft:iron_pickaxe":23,"minecraft:bread":47,"croptopia:coconut_sapling":1,"justhammers:stone_hammer":138,"minecraft:stone_axe":91,"croptopia:peach_sapling":1,"minecraft:cobblestone":82,"travelersbackpack:standard":11,"promenade:blunite":6,"minecraft:smithing_table":2,"minecraft:bucket":3,"minecraft:experience_bottle":2}},"DataVersion":3465}