{"stats":{"minecraft:used":{"simplyswords:iron_warglaive":111,"minecraft:chest":1,"minecraft:shield":62,"minecraft:torch":4,"regions_unexplored:mauve_sapling":1,"minecraft:wooden_axe":10,"minecraft:iron_axe":71,"rogues:golden_glaive":28,"archers:golden_spear":29,"minecraft:golden_sword":32,"minecraft:furnace":4,"comforts:sleeping_bag_white":1,"botania:lime_mystical_flower":1,"minecraft:stone_pickaxe":378,"minecraft:oak_planks":2,"minecraft:wooden_pickaxe":17,"minecraft:sand":6,"minecraft:crafting_table":9,"minecraft:smoker":1,"minecraft:bread":43,"minecraft:stone_axe":91,"minecraft:cobblestone":72,"travelersbackpack:standard":10,"minecraft:smithing_table":1,"minecraft:experience_bottle":2},"minecraft:mined":{"modern_industrialization:deepslate_antimony_ore":1,"minecraft:granite":31,"minecells:rotting_corpse":1,"minecraft:grass_block":2,"minecraft:red_mushroom":1,"minecraft:magma_block":3,"minecraft:furnace":3,"minecraft:iron_ore":2,"minecraft:andesite":23,"minecraft:pumpkin":7,"treechop:chopped_log":10,"expandeddelight:wild_asparagus":1,"regions_unexplored:medium_grass":1,"minecraft:stone":242,"minecraft:smithing_table":1,"minecraft:smoker":1,"create_new_age:magnetite_block":2,"minecraft:crafting_table":7,"modern_industrialization:nickel_ore":5,"minecraft:copper_ore":24,"minecraft:tall_grass":2,"minecraft:cobblestone":3,"minecraft:sugar_cane":2,"minecraft:deepslate_copper_ore":2,"techreborn:tin_ore":34,"farmersdelight:wild_beetroots":1,"minecraft:grass":19,"minecraft:sand":19,"minecraft:dirt":2,"promenade:asphalt":2,"minecraft:netherrack":3,"minecraft:oak_leaves":3,"minecraft:deepslate":3},"minecraft:picked_up":{"techreborn:raw_tin":68,"minecraft:charcoal":18,"minecraft:crafting_table":7,"minecraft:smithing_table":1,"minecraft:brown_mushroom":1,"croptopia:calamari":3,"minecraft:string":4,"minecraft:raw_copper":93,"minecraft:cobbled_deepslate":3,"comforts:sleeping_bag_white":1,"minecraft:beef":15,"minecraft:sugar_cane":3,"minecraft:egg":1,"minecraft:furnace":3,"minecraft:raw_iron":2,"promenade:asphalt":2,"minecraft:torch":2,"minecraft:porkchop":5,"regions_unexplored:daisy":4,"minecraft:arrow":3,"botania:lime_mystical_flower":1,"minecraft:rotten_flesh":34,"regions_unexplored:mauve_sapling":2,"expandeddelight:asparagus":1,"minecraft:beetroot_seeds":1,"regions_unexplored:mauve_log":7,"minecraft:gold_ingot":1,"minecraft:mutton":7,"adventurez:orc_skin":2,"minecraft:white_wool":9,"minecraft:cobblestone":306,"minecraft:magma_block":3,"modern_industrialization:raw_antimony":1,"minecraft:andesite":46,"minecraft:leather":13,"minecraft:smoker":1,"minecraft:red_mushroom":9,"minecraft:potato":1,"minecraft:oak_log":55,"minecraft:gunpowder":2,"bewitchment:aconite_seeds":1,"minecraft:dirt":13,"minecraft:bone":5,"minecraft:apple":1,"minecraft:wheat_seeds":5,"adventurez:raw_venison":7,"create_new_age:magnetite_block":2,"ftbquests:book":1,"minecraft:stone_pickaxe":1,"bewitchment:mandrake_seeds":1,"minecraft:iron_ingot":5,"twigs:twig":25,"minecraft:pumpkin":6,"minecraft:sand":18,"minecraft:ink_sac":7,"regions_unexplored:mauve_planks":40,"modern_industrialization:raw_nickel":5,"regions_unexplored:fireweed":1,"minecraft:stone_axe":1,"minecraft:oak_sapling":23,"minecraft:netherrack":3},"minecraft:custom":{"minecraft:interact_with_smithing_table":6,"lootr:looted_stat":11,"minecraft:mob_kills":77,"minecraft:interact_with_crafting_table":36,"minecraft:open_barrel":7,"minecraft:damage_dealt_resisted":0,"minecraft:leave_game":2,"minecraft:time_since_death":118373,"minecraft:climb_one_cm":508,"minecraft:damage_resisted":0,"minecraft:sprint_one_cm":566559,"minecraft:walk_one_cm":383024,"minecraft:damage_blocked_by_shield":1254,"minecraft:drop":35,"minecraft:talked_to_villager":14,"minecraft:play_time":199280,"minecraft:deaths":1,"minecraft:walk_under_water_one_cm":24588,"minecraft:sneak_time":1636,"minecraft:jump":1316,"minecraft:walk_on_water_one_cm":53093,"minecraft:total_world_time":199280,"minecraft:interact_with_furnace":24,"minecraft:sleep_in_bed":3,"minecraft:hex":0,"minecraft:time_since_rest":57838,"minecraft:damage_taken":1988,"minecraft:damage_dealt":13771,"minecraft:swim_one_cm":44070,"minecraft:fly_one_cm":154556,"minecraft:open_chest":10,"minecraft:crouch_one_cm":1357,"minecraft:interact_with_smoker":10,"minecraft:fall_one_cm":19288,"minecraft:horse_one_cm":10006},"minecraft:crafted":{"minecraft:oak_planks":40,"travelersbackpack:crafting_upgrade":1,"minecraft:iron_nugget":9,"comforts:sleeping_bag_white":1,"minecraft:furnace":4,"simplyswords:iron_warglaive":1,"travelersbackpack:blank_upgrade":4,"minecraft:cooked_mutton":5,"minecraft:glass":12,"regions_unexplored:mauve_planks":28,"minecraft:iron_axe":1,"minecraft:stone_pickaxe":4,"minecraft:chest":3,"minecraft:smoker":1,"minecraft:cooked_beef":22,"travelersbackpack:iron_tier_upgrade":1,"minecraft:cooked_porkchop":5,"minecraft:crafting_table":4,"travelersbackpack:backpack_tank":2,"minecraft:wooden_pickaxe":1,"travelersbackpack:standard":3,"minecraft:smithing_table":1,"minecraft:stone_axe":1,"minecraft:air":0,"minecraft:charcoal":26,"minecraft:stick":72,"minecraft:iron_ingot":4,"minecraft:wooden_axe":1,"minecraft:torch":4},"minecraft:dropped":{"regions_unexplored:fireweed":1,"minecraft:brown_mushroom":1,"minecraft:wheat_seeds":4,"minecraft:cobblestone":88,"minecraft:apple":1,"regions_unexplored:daisy":4,"minecraft:red_mushroom":5,"bewitchment:aconite_seeds":1,"techreborn:raw_tin":34,"minecraft:torch":2,"ftbquests:book":1,"minecraft:white_wool":3,"regions_unexplored:mauve_sapling":1,"twigs:twig":1,"expandeddelight:asparagus":1,"minecraft:stone_axe":1,"minecraft:rotten_flesh":14,"regions_unexplored:mauve_planks":39,"promenade:asphalt":2,"bewitchment:mandrake_seeds":1,"adventurez:orc_skin":1,"minecraft:andesite":23,"minecraft:oak_sapling":9,"minecraft:stone_pickaxe":1,"minecraft:egg":1},"minecraft:killed_by":{"mutantmonsters:mutant_skeleton":1},"minecraft:broken":{"minecraft:stone_pickaxe":3,"minecraft:golden_sword":1,"minecraft:stone_axe":1,"archers:golden_spear":1,"rogues:golden_glaive":1},"minecraft:killed":{"minecraft:spider":5,"bewitchment:ghost":1,"minecraft:skeleton":6,"adventurez:orc":1,"minecraft:pig":3,"graveyard:ghoul":1,"mythicmobs:drake":1,"minecraft:squid":4,"minecraft:creeper":1,"minecraft:sheep":6,"minecraft:pillager":17,"adventurez:deer":3,"minecraft:zombie":17,"minecraft:enderman":1,"minecraft:cow":8}},"DataVersion":3465}