{"stats":{"minecraft:killed":{"naturalist:rattlesnake":1,"minecraft:cave_spider":47,"minecraft:spider":11,"promenade:sunken_skeleton":5,"minecraft:skeleton":28,"derelict:spiderling":4,"artifacts:mimic":2,"minecraft:pig":3,"minecraft:zombie_villager":1,"minecraft:creeper":1,"minecraft:sheep":6,"minecraft:pillager":21,"archon:mana_leech":3,"tinyskeletons:baby_skeleton":1,"minecraft:zombie":35,"minecraft:cow":8,"tinyskeletons:baby_stray":1,"graveyard:nightmare":1,"bewitchment:ghost":3,"adventurez:orc":1,"minecraft:husk":22,"graveyard:ghoul":3,"mythicmobs:drake":1,"minecraft:squid":4,"adventurez:deer":3,"minecraft:enderman":2},"minecraft:picked_up":{"archon:magical_bookshelf":11,"techreborn:raw_tin":73,"minecraft:flower_pot":1,"croptopia:cinnamon_log":4,"artifacts:bunny_hoppers":1,"minecraft:smithing_table":1,"minecraft:wither_rose":1,"croptopia:calamari":3,"techreborn:treetap":1,"minecraft:string":79,"minecraft:raw_copper":93,"comforts:sleeping_bag_white":1,"minecraft:cobbled_deepslate":29,"bosses_of_mass_destruction:soul_star":1,"minecraft:bucket":2,"twigs:pebble":100,"minecraft:bubble_coral":7,"minecraft:cobblestone_slab":67,"minecraft:calcite":4,"techreborn:rubber_log":6,"minecraft:melon_slice":15,"croptopia:cinnamon_sapling":3,"ae2:flawed_budding_quartz":1,"minecraft:furnace":3,"minecraft:stick":1,"minecraft:torch":30,"twigs:bamboo_leaves":3,"minecraft:porkchop":5,"minecraft:diorite":3,"regions_unexplored:daisy":4,"ae2:sky_stone_block":30,"indrev:raw_lead":2,"minecraft:rotten_flesh":73,"regions_unexplored:mauve_log":7,"adventurez:orc_skin":2,"minecraft:cobblestone":598,"minecraft:magma_block":3,"minecraft:andesite":50,"minecraft:jungle_log":20,"minecraft:smoker":1,"minecraft:potato":3,"minecraft:flint":9,"minecraft:tuff":2,"ae2:damaged_budding_quartz":1,"minecraft:lapis_lazuli":14,"minecraft:dirt":62,"minecraft:lantern":1,"minecraft:bone":56,"minecraft:wheat_seeds":27,"minecraft:bell":1,"adventurez:raw_venison":7,"create_new_age:magnetite_block":2,"ftbquests:book":1,"ae2:logic_processor_press":1,"minecraft:bamboo":8,"twigs:twig":49,"minecraft:oak_planks":14,"regions_unexplored:bamboo_log":13,"minecraft:jungle_planks":2,"minecraft:sand":18,"minecraft:ink_sac":7,"ae2:quartz_block":5,"techreborn:rubber_sapling":4,"techreborn:red_garnet_gem":1,"minecraft:mossy_cobblestone":38,"indrev:sulfur_crystal":2,"regions_unexplored:mauve_planks":40,"ae2:chipped_budding_quartz":2,"minecraft:granite":4,"soulsweapons:verglas":1,"minecraft:emerald":8,"minecraft:oak_sapling":98,"minecraft:netherrack":3,"create_new_age:thorium":48,"minecraft:charcoal":18,"minecraft:crafting_table":7,"modern_industrialization:lignite_coal":23,"minecraft:ladder":1,"croptopia:peach":20,"minecraft:brown_mushroom":2,"ae2:silicon_press":1,"promenade:blunite":25,"minecraft:oak_trapdoor":21,"minecraft:cyan_carpet":1,"graveyard:corruption":2,"techreborn:raw_silver":2,"minecraft:beef":15,"minecraft:player_head":1,"minecraft:iron_nugget":14,"minecraft:jungle_sapling":4,"croptopia:coconut":24,"minecraft:sugar_cane":3,"minecraft:chest":6,"minecraft:egg":5,"minecraft:raw_iron":11,"promenade:asphalt":2,"minecraft:spruce_fence":1,"techreborn:ruby_gem":3,"minecraft:dark_oak_planks":7,"artifacts:snorkel":1,"botania:lime_mystical_flower":1,"regions_unexplored:mauve_sapling":2,"minecraft:arrow":29,"bewitchment:garlic":2,"expandeddelight:asparagus":1,"minecraft:beetroot_seeds":1,"ae2:calculation_processor_press":1,"minecraft:gold_ingot":1,"minecraft:mutton":7,"minecraft:skeleton_skull":1,"minecraft:white_wool":19,"minecraft:jungle_boat":3,"modern_industrialization:raw_antimony":1,"minecraft:leather":13,"minecraft:red_mushroom":9,"minecraft:oak_log":121,"minecraft:lily_pad":2,"minecraft:gunpowder":2,"bewitchment:aconite_seeds":3,"minecraft:paper":4,"minecraft:smooth_sandstone":6,"minecraft:apple":4,"bewitchment:mandrake_seeds":1,"minecraft:iron_ingot":5,"minecraft:stone_pickaxe":1,"travelersbackpack:blank_upgrade":1,"minecraft:book":127,"minecraft:pumpkin":6,"regions_unexplored:willow_sapling":1,"minecraft:dandelion":1,"minecraft:gravel":84,"powah:uraninite_raw":2,"justhammers:stone_hammer":1,"minecraft:blast_furnace":1,"minecraft:spider_eye":16,"regions_unexplored:fireweed":1,"modern_industrialization:raw_nickel":5,"adventurez:cooked_venison":7,"minecraft:stone_axe":1,"ae2:engineering_processor_press":1,"minecraft:oak_button":1,"minecraft:damaged_anvil":1,"minecraft:coal":29,"minecraft:ender_pearl":1},"minecraft:custom":{"lootr:looted_stat":76,"minecraft:interact_with_crafting_table":87,"minecraft:open_barrel":8,"minecraft:eat_cake_slice":3,"minecraft:leave_game":5,"minecraft:time_since_death":53158,"minecraft:damage_resisted":0,"minecraft:sprint_one_cm":1133162,"minecraft:damage_blocked_by_shield":3727,"minecraft:drop":89,"minecraft:talked_to_villager":19,"minecraft:play_time":622089,"minecraft:deaths":3,"minecraft:jump":3745,"minecraft:walk_on_water_one_cm":99424,"minecraft:interact_with_furnace":43,"minecraft:interact_with_loom":1,"minecraft:sleep_in_bed":12,"minecraft:damage_dealt":48832,"minecraft:crouch_one_cm":31132,"minecraft:interact_with_smoker":14,"minecraft:horse_one_cm":10006,"minecraft:interact_with_smithing_table":15,"minecraft:mob_kills":225,"minecraft:damage_dealt_resisted":0,"minecraft:climb_one_cm":29283,"minecraft:walk_one_cm":1336808,"minecraft:sneak_time":13506,"minecraft:walk_under_water_one_cm":45720,"minecraft:boat_one_cm":125738,"minecraft:interact_with_blast_furnace":18,"minecraft:total_world_time":622089,"minecraft:hex":0,"minecraft:time_since_rest":53206,"minecraft:damage_taken":5618,"minecraft:swim_one_cm":153237,"minecraft:fly_one_cm":435849,"minecraft:open_chest":151,"minecraft:fall_one_cm":88666},"minecraft:killed_by":{"creeperoverhaul:ocean_creeper":1,"minecraft:witch":1,"mutantmonsters:mutant_skeleton":1},"minecraft:crafted":{"minecraft:oak_planks":280,"minecraft:cobblestone_slab":66,"travelersbackpack:crafting_upgrade":2,"brewery:sausage":11,"minecraft:stone":19,"rogues:iron_dagger":2,"minecraft:cooked_mutton":5,"minecraft:glass":12,"techreborn:treetap":1,"minecraft:chest":9,"modern_industrialization:antimony_ingot":1,"techreborn:rubber":6,"minecraft:smoker":1,"travelersbackpack:iron_tier_upgrade":1,"minecraft:cooked_porkchop":5,"minecraft:crafting_table":6,"minecraft:jungle_boat":1,"rogues:stone_double_axe":4,"minecraft:wooden_pickaxe":1,"travelersbackpack:standard":5,"minecraft:smithing_table":1,"minecraft:copper_ingot":48,"paladins:iron_mace":1,"minecraft:charcoal":26,"minecraft:stick":275,"minecraft:iron_ingot":31,"minecraft:iron_block":3,"minecraft:gold_ingot":6,"minecraft:shears":2,"things:bater_wucket":1,"techreborn:rubber_planks":24,"jewelry:emerald_necklace":1,"minecraft:iron_nugget":9,"comforts:sleeping_bag_white":1,"minecraft:furnace":4,"minecraft:bone_meal":15,"simplyswords:iron_warglaive":1,"travelersbackpack:gold_tier_upgrade":1,"travelersbackpack:blank_upgrade":4,"minecraft:oak_trapdoor":14,"croptopia:peach_sapling":1,"ironchests:blank_chest_upgrade":9,"regions_unexplored:mauve_planks":28,"minecraft:iron_axe":2,"minecraft:stone_pickaxe":4,"minecraft:cooked_beef":22,"ironchests:copper_chest_upgrade":3,"brewery:pork_knuckle":5,"travelersbackpack:backpack_tank":2,"minecraft:bucket":3,"minecraft:stone_axe":1,"minecraft:air":0,"minecraft:jungle_planks":80,"techreborn:refined_iron_ingot":1,"travelersbackpack:squid":1,"croptopia:coconut_sapling":1,"justhammers:stone_hammer":6,"techreborn:nickel_ingot":5,"minecraft:wooden_axe":1,"minecraft:anvil":1,"minecraft:white_bed":2,"minecraft:torch":20,"adventurez:cooked_venison":7},"minecraft:mined":{"minecraft:dark_oak_planks":10,"minecraft:oak_sapling":1,"minecraft:red_nether_bricks":2,"minecraft:granite":32,"minecraft:grass_block":7,"modern_industrialization:lignite_coal_ore":1,"minecraft:spawner":5,"minecraft:magma_block":3,"minecraft:iron_ore":3,"minecraft:pumpkin":7,"minecraft:dark_oak_stairs":1,"minecraft:player_head":1,"vinery:jungle_grape_bush_red":1,"archon:magical_bookshelf":11,"minecraft:smoker":1,"minecraft:soul_fire":4,"minecraft:torch":10,"minecraft:blast_furnace":1,"minecraft:calcite":4,"minecraft:melon":3,"minecraft:chest":6,"minecraft:cobblestone":10,"minecraft:sugar_cane":2,"minecraft:oak_planks":14,"minecraft:damaged_anvil":1,"minecraft:wall_torch":6,"minecraft:deepslate_copper_ore":2,"minecraft:dark_oak_slab":3,"ae2:flawed_budding_quartz":2,"minecraft:grass":93,"minecraft:oak_log":3,"minecraft:sand":19,"minecraft:dirt":20,"promenade:asphalt":2,"minecraft:netherrack":3,"minecraft:oak_leaves":4,"minecraft:deepslate":3,"soulsweapons:verglas_ore":1,"ae2:chipped_budding_quartz":1,"powah:deepslate_uraninite_ore":1,"minecraft:mossy_cobblestone":8,"minecraft:potted_wither_rose":1,"modern_industrialization:deepslate_antimony_ore":1,"minecraft:dark_oak_fence":3,"minecells:rotting_corpse":1,"create_new_age:thorium_ore":12,"minecraft:spruce_leaves":2,"minecraft:red_mushroom":1,"minecraft:oak_trapdoor":11,"minecraft:furnace":3,"minecraft:jungle_sapling":1,"ae2:damaged_budding_quartz":5,"minecraft:andesite":23,"treechop:chopped_log":27,"ae2:mysterious_cube":1,"minecraft:bell":1,"minecraft:bookshelf":46,"minecraft:cobblestone_slab":40,"minecraft:vine":6,"expandeddelight:wild_asparagus":1,"regions_unexplored:medium_grass":1,"minecraft:bamboo":1,"ae2:sky_stone_block":30,"minecraft:stone":263,"minecraft:smithing_table":1,"techreborn:deepslate_silver_ore":3,"create_new_age:magnetite_block":2,"minecraft:dandelion":1,"minecraft:smooth_sandstone":6,"minecraft:crafting_table":7,"minecraft:campfire":1,"modern_industrialization:nickel_ore":5,"minecraft:tall_grass":3,"minecraft:copper_ore":24,"minecraft:lapis_ore":2,"techreborn:tin_ore":37,"supplementaries:urn":14,"farmersdelight:wild_beetroots":1,"ae2:flawless_budding_quartz":1,"techreborn:ruby_ore":2,"minecraft:gravel":94,"minecraft:cyan_carpet":1,"minecraft:cobweb":18,"minecraft:fern":31},"minecraft:broken":{"paladins:iron_mace":1,"minecraft:iron_leggings":1,"simplyswords:iron_warglaive":1,"minecraft:stone_pickaxe":4,"minecraft:chainmail_chestplate":1,"minecraft:golden_sword":1,"minecraft:stone_axe":1,"minecraft:stone_sword":1,"beachparty:rubber_ring_pelican":1,"minecraft:iron_axe":2,"rogues:warrior_armor_feet":1,"minecraft:iron_helmet":1,"archers:golden_spear":1,"rogues:stone_double_axe":4,"rogues:golden_glaive":1},"minecraft:dropped":{"minecraft:brown_mushroom":1,"minecraft:oak_log":2,"regions_unexplored:willow_sapling":1,"minecraft:jungle_planks":2,"minecraft:red_mushroom":5,"bewitchment:aconite_seeds":3,"twigs:pebble":100,"minecraft:dirt":48,"techreborn:raw_tin":34,"ftbquests:book":1,"minecraft:white_wool":3,"regions_unexplored:mauve_sapling":1,"twigs:twig":2,"minecraft:bone":28,"minecraft:stone_axe":1,"minecraft:rotten_flesh":17,"techreborn:treetap":1,"justhammers:stone_hammer":3,"promenade:blunite":19,"minecraft:beetroot_seeds":1,"minecraft:ladder":1,"minecraft:arrow":6,"minecraft:egg":1,"twigs:bamboo_leaves":3,"regions_unexplored:fireweed":1,"minecraft:wheat_seeds":15,"croptopia:cinnamon_sapling":2,"minecraft:cobblestone":147,"minecraft:apple":1,"regions_unexplored:daisy":4,"minecraft:stick":1,"minecraft:diorite":3,"minecraft:torch":2,"minecraft:paper":4,"minecraft:string":9,"minecraft:bucket":4,"minecraft:dandelion":1,"expandeddelight:asparagus":1,"minecraft:oak_trapdoor":10,"regions_unexplored:bamboo_log":13,"minecraft:tuff":2,"regions_unexplored:mauve_planks":39,"promenade:asphalt":2,"minecraft:spruce_fence":1,"minecraft:shield":1,"minecraft:flower_pot":1,"bewitchment:mandrake_seeds":1,"adventurez:orc_skin":1,"minecraft:andesite":23,"minecraft:oak_sapling":47,"minecraft:bamboo":8,"minecraft:stone_pickaxe":1,"minecraft:calcite":4},"minecraft:used":{"minecraft:chest":13,"minecraft:shield":145,"rogues:stone_double_axe":423,"brewery:sausage":11,"things:bater_wucket":15,"croptopia:cinnamon_log":1,"rogues:iron_dagger":11,"regions_unexplored:mauve_sapling":1,"minecraft:jungle_sapling":3,"minecraft:lantern":1,"archers:golden_spear":29,"minecraft:golden_sword":32,"minecraft:furnace":5,"minecraft:oak_sapling":36,"minecraft:damaged_anvil":1,"adventurez:cooked_venison":6,"minecraft:oak_planks":90,"minecraft:stone_pickaxe":428,"minecraft:wooden_pickaxe":17,"minecraft:diamond_axe":251,"minecraft:jungle_boat":3,"minecraft:sand":6,"minecraft:blast_furnace":1,"minecraft:crossbow":10,"minecraft:shears":3,"minecraft:bread":47,"minecraft:gravel":84,"croptopia:coconut_sapling":1,"promenade:blunite":6,"minecraft:smithing_table":2,"minecraft:bone_meal":15,"minecraft:experience_bottle":3,"minecraft:oak_trapdoor":15,"minecraft:stone_sword":129,"simplyswords:iron_warglaive":174,"minecraft:torch":42,"minecraft:dirt":2,"minecraft:anvil":1,"minecraft:dark_oak_planks":3,"minecraft:wooden_axe":10,"minecraft:iron_axe":287,"minecraft:smooth_sandstone":6,"travelersbackpack:squid":1,"rogues:golden_glaive":28,"comforts:sleeping_bag_white":1,"minecraft:cooked_beef":11,"minecraft:cobbled_deepslate":25,"botania:lime_mystical_flower":1,"minecraft:cooked_mutton":5,"minecraft:water_bucket":1,"minecraft:cobblestone_slab":92,"minecraft:mossy_cobblestone":8,"minecraft:crafting_table":11,"paladins:iron_mace":251,"minecraft:white_bed":2,"techreborn:rubber_sapling":7,"minecraft:cake":1,"minecraft:smoker":2,"minecraft:oak_log":3,"minecraft:iron_pickaxe":101,"justhammers:stone_hammer":138,"minecraft:stone_axe":91,"croptopia:peach_sapling":1,"minecraft:cobblestone":82,"travelersbackpack:standard":11,"minecraft:bucket":5}},"DataVersion":3465}