{"stats":{"minecraft:killed":{"minecraft:cave_spider":47,"minecraft:spider":11,"minecraft:skeleton":28,"derelict:spiderling":4,"artifacts:mimic":2,"minecraft:pig":3,"minecraft:zombie_villager":1,"minecraft:creeper":1,"minecraft:sheep":6,"minecraft:pillager":17,"minecraft:zombie":27,"minecraft:cow":8,"bewitchment:ghost":2,"adventurez:orc":1,"minecraft:husk":20,"graveyard:ghoul":3,"mythicmobs:drake":1,"minecraft:squid":4,"adventurez:deer":3,"minecraft:enderman":1},"minecraft:picked_up":{"techreborn:raw_tin":73,"croptopia:cinnamon_log":4,"artifacts:bunny_hoppers":1,"minecraft:smithing_table":1,"croptopia:calamari":3,"minecraft:string":79,"minecraft:raw_copper":93,"comforts:sleeping_bag_white":1,"minecraft:cobbled_deepslate":29,"bosses_of_mass_destruction:soul_star":1,"minecraft:bucket":2,"minecraft:cobblestone_slab":67,"minecraft:calcite":4,"croptopia:cinnamon_sapling":3,"minecraft:furnace":3,"minecraft:stick":1,"minecraft:torch":29,"twigs:bamboo_leaves":3,"minecraft:porkchop":5,"minecraft:diorite":3,"regions_unexplored:daisy":4,"indrev:raw_lead":2,"minecraft:rotten_flesh":71,"regions_unexplored:mauve_log":7,"adventurez:orc_skin":2,"minecraft:cobblestone":598,"minecraft:magma_block":3,"minecraft:andesite":50,"minecraft:jungle_log":8,"minecraft:smoker":1,"minecraft:potato":3,"minecraft:tuff":2,"minecraft:lapis_lazuli":14,"minecraft:dirt":61,"minecraft:bone":49,"minecraft:wheat_seeds":6,"adventurez:raw_venison":7,"create_new_age:magnetite_block":2,"ftbquests:book":1,"minecraft:bamboo":8,"twigs:twig":46,"minecraft:oak_planks":14,"regions_unexplored:bamboo_log":13,"minecraft:sand":18,"minecraft:jungle_planks":2,"minecraft:ink_sac":7,"minecraft:mossy_cobblestone":38,"indrev:sulfur_crystal":2,"regions_unexplored:mauve_planks":40,"minecraft:granite":3,"minecraft:emerald":8,"minecraft:oak_sapling":95,"minecraft:netherrack":3,"minecraft:charcoal":18,"modern_industrialization:lignite_coal":23,"minecraft:crafting_table":7,"create_new_age:thorium":48,"croptopia:peach":20,"minecraft:brown_mushroom":1,"promenade:blunite":25,"minecraft:oak_trapdoor":11,"minecraft:cyan_carpet":1,"techreborn:raw_silver":2,"minecraft:beef":15,"minecraft:player_head":1,"minecraft:iron_nugget":14,"minecraft:jungle_sapling":2,"croptopia:coconut":12,"minecraft:sugar_cane":3,"minecraft:egg":5,"minecraft:raw_iron":11,"promenade:asphalt":2,"minecraft:dark_oak_planks":5,"artifacts:snorkel":1,"expandeddelight:asparagus":1,"regions_unexplored:mauve_sapling":2,"minecraft:arrow":18,"botania:lime_mystical_flower":1,"minecraft:beetroot_seeds":1,"minecraft:gold_ingot":1,"minecraft:mutton":7,"minecraft:skeleton_skull":1,"minecraft:white_wool":19,"modern_industrialization:raw_antimony":1,"minecraft:leather":13,"minecraft:red_mushroom":9,"minecraft:oak_log":121,"minecraft:gunpowder":2,"bewitchment:aconite_seeds":2,"minecraft:paper":4,"minecraft:apple":4,"bewitchment:mandrake_seeds":1,"minecraft:iron_ingot":5,"minecraft:stone_pickaxe":1,"minecraft:pumpkin":6,"regions_unexplored:willow_sapling":1,"powah:uraninite_raw":2,"justhammers:stone_hammer":1,"minecraft:blast_furnace":1,"minecraft:spider_eye":16,"regions_unexplored:fireweed":1,"modern_industrialization:raw_nickel":5,"adventurez:cooked_venison":7,"minecraft:stone_axe":1,"minecraft:damaged_anvil":1,"minecraft:coal":29},"minecraft:custom":{"lootr:looted_stat":37,"minecraft:interact_with_crafting_table":74,"minecraft:open_barrel":8,"minecraft:eat_cake_slice":3,"minecraft:leave_game":4,"minecraft:time_since_death":163557,"minecraft:damage_resisted":0,"minecraft:sprint_one_cm":903075,"minecraft:damage_blocked_by_shield":3727,"minecraft:drop":71,"minecraft:talked_to_villager":15,"minecraft:play_time":459762,"minecraft:deaths":2,"minecraft:jump":2847,"minecraft:walk_on_water_one_cm":87904,"minecraft:interact_with_furnace":39,"minecraft:sleep_in_bed":10,"minecraft:damage_dealt":41965,"minecraft:crouch_one_cm":29728,"minecraft:interact_with_smoker":13,"minecraft:horse_one_cm":10006,"minecraft:interact_with_smithing_table":13,"minecraft:mob_kills":196,"minecraft:damage_dealt_resisted":0,"minecraft:climb_one_cm":23365,"minecraft:walk_one_cm":1057407,"minecraft:sneak_time":12828,"minecraft:walk_under_water_one_cm":35027,"minecraft:interact_with_blast_furnace":10,"minecraft:total_world_time":459762,"minecraft:hex":0,"minecraft:time_since_rest":15179,"minecraft:damage_taken":4634,"minecraft:swim_one_cm":46680,"minecraft:fly_one_cm":291968,"minecraft:open_chest":56,"minecraft:fall_one_cm":49975},"minecraft:killed_by":{"minecraft:witch":1,"mutantmonsters:mutant_skeleton":1},"minecraft:crafted":{"minecraft:oak_planks":260,"minecraft:cobblestone_slab":66,"travelersbackpack:crafting_upgrade":2,"brewery:sausage":11,"minecraft:stone":19,"minecraft:cooked_mutton":5,"minecraft:glass":12,"minecraft:chest":5,"modern_industrialization:antimony_ingot":1,"minecraft:smoker":1,"travelersbackpack:iron_tier_upgrade":1,"minecraft:cooked_porkchop":5,"minecraft:crafting_table":6,"rogues:stone_double_axe":4,"minecraft:wooden_pickaxe":1,"travelersbackpack:standard":5,"minecraft:smithing_table":1,"minecraft:copper_ingot":31,"paladins:iron_mace":1,"minecraft:charcoal":26,"minecraft:stick":269,"minecraft:iron_ingot":31,"minecraft:gold_ingot":6,"minecraft:shears":2,"things:bater_wucket":1,"jewelry:emerald_necklace":1,"minecraft:iron_nugget":9,"comforts:sleeping_bag_white":1,"minecraft:furnace":4,"simplyswords:iron_warglaive":1,"travelersbackpack:blank_upgrade":4,"travelersbackpack:gold_tier_upgrade":1,"minecraft:oak_trapdoor":14,"croptopia:peach_sapling":1,"regions_unexplored:mauve_planks":28,"minecraft:iron_axe":2,"minecraft:stone_pickaxe":4,"minecraft:cooked_beef":22,"brewery:pork_knuckle":5,"travelersbackpack:backpack_tank":2,"minecraft:bucket":3,"minecraft:stone_axe":1,"minecraft:air":0,"minecraft:jungle_planks":32,"travelersbackpack:squid":1,"croptopia:coconut_sapling":1,"justhammers:stone_hammer":6,"techreborn:nickel_ingot":5,"minecraft:wooden_axe":1,"minecraft:white_bed":2,"minecraft:torch":20,"adventurez:cooked_venison":7},"minecraft:mined":{"minecraft:dark_oak_planks":10,"minecraft:oak_sapling":1,"minecraft:red_nether_bricks":2,"minecraft:granite":31,"minecraft:grass_block":7,"modern_industrialization:lignite_coal_ore":1,"minecraft:spawner":4,"minecraft:magma_block":3,"minecraft:iron_ore":3,"minecraft:pumpkin":7,"minecraft:dark_oak_stairs":1,"minecraft:player_head":1,"minecraft:smoker":1,"minecraft:torch":10,"minecraft:blast_furnace":1,"minecraft:calcite":4,"minecraft:cobblestone":10,"minecraft:sugar_cane":2,"minecraft:oak_planks":14,"minecraft:damaged_anvil":1,"minecraft:wall_torch":5,"minecraft:deepslate_copper_ore":2,"minecraft:grass":21,"minecraft:oak_log":3,"minecraft:sand":19,"minecraft:dirt":20,"promenade:asphalt":2,"minecraft:netherrack":3,"minecraft:oak_leaves":3,"minecraft:deepslate":3,"powah:deepslate_uraninite_ore":1,"minecraft:mossy_cobblestone":8,"modern_industrialization:deepslate_antimony_ore":1,"minecells:rotting_corpse":1,"create_new_age:thorium_ore":12,"minecraft:spruce_leaves":2,"minecraft:red_mushroom":1,"minecraft:oak_trapdoor":11,"minecraft:furnace":3,"minecraft:jungle_sapling":1,"minecraft:andesite":23,"treechop:chopped_log":24,"expandeddelight:wild_asparagus":1,"minecraft:cobblestone_slab":40,"minecraft:vine":6,"regions_unexplored:medium_grass":1,"minecraft:bamboo":1,"minecraft:stone":259,"minecraft:smithing_table":1,"techreborn:deepslate_silver_ore":3,"create_new_age:magnetite_block":2,"minecraft:crafting_table":7,"modern_industrialization:nickel_ore":5,"minecraft:tall_grass":2,"minecraft:copper_ore":24,"minecraft:lapis_ore":2,"techreborn:tin_ore":37,"supplementaries:urn":14,"farmersdelight:wild_beetroots":1,"minecraft:cyan_carpet":1,"minecraft:cobweb":15,"minecraft:fern":1},"minecraft:broken":{"paladins:iron_mace":1,"simplyswords:iron_warglaive":1,"minecraft:stone_pickaxe":4,"minecraft:golden_sword":1,"minecraft:stone_axe":1,"minecraft:stone_sword":1,"beachparty:rubber_ring_pelican":1,"minecraft:iron_axe":2,"rogues:warrior_armor_feet":1,"archers:golden_spear":1,"rogues:stone_double_axe":4,"rogues:golden_glaive":1},"minecraft:dropped":{"minecraft:brown_mushroom":1,"minecraft:oak_log":2,"regions_unexplored:willow_sapling":1,"minecraft:jungle_planks":2,"minecraft:red_mushroom":5,"bewitchment:aconite_seeds":2,"minecraft:dirt":47,"techreborn:raw_tin":34,"ftbquests:book":1,"minecraft:white_wool":3,"regions_unexplored:mauve_sapling":1,"twigs:twig":2,"minecraft:bone":26,"minecraft:stone_axe":1,"minecraft:rotten_flesh":14,"justhammers:stone_hammer":3,"promenade:blunite":19,"minecraft:beetroot_seeds":1,"minecraft:egg":1,"twigs:bamboo_leaves":3,"regions_unexplored:fireweed":1,"minecraft:wheat_seeds":5,"croptopia:cinnamon_sapling":2,"minecraft:cobblestone":147,"minecraft:apple":1,"regions_unexplored:daisy":4,"minecraft:stick":1,"minecraft:diorite":3,"minecraft:torch":2,"minecraft:paper":4,"minecraft:bucket":4,"expandeddelight:asparagus":1,"regions_unexplored:bamboo_log":13,"minecraft:tuff":2,"regions_unexplored:mauve_planks":39,"promenade:asphalt":2,"bewitchment:mandrake_seeds":1,"adventurez:orc_skin":1,"minecraft:andesite":23,"minecraft:oak_sapling":44,"minecraft:bamboo":8,"minecraft:stone_pickaxe":1,"minecraft:calcite":4},"minecraft:used":{"minecraft:shield":145,"minecraft:chest":3,"rogues:stone_double_axe":423,"brewery:sausage":7,"things:bater_wucket":13,"croptopia:cinnamon_log":1,"regions_unexplored:mauve_sapling":1,"minecraft:jungle_sapling":1,"archers:golden_spear":29,"minecraft:golden_sword":32,"minecraft:furnace":5,"minecraft:oak_sapling":36,"minecraft:stone_pickaxe":428,"minecraft:oak_planks":90,"minecraft:wooden_pickaxe":17,"minecraft:diamond_axe":63,"minecraft:sand":6,"minecraft:blast_furnace":1,"minecraft:crossbow":10,"minecraft:bread":47,"croptopia:coconut_sapling":1,"promenade:blunite":6,"minecraft:smithing_table":2,"minecraft:experience_bottle":2,"minecraft:oak_trapdoor":15,"minecraft:stone_sword":129,"simplyswords:iron_warglaive":174,"minecraft:torch":36,"minecraft:dirt":2,"minecraft:wooden_axe":10,"minecraft:dark_oak_planks":3,"minecraft:iron_axe":287,"travelersbackpack:squid":1,"rogues:golden_glaive":28,"comforts:sleeping_bag_white":1,"minecraft:cooked_beef":11,"minecraft:cobbled_deepslate":25,"botania:lime_mystical_flower":1,"minecraft:cooked_mutton":5,"minecraft:water_bucket":1,"minecraft:cobblestone_slab":92,"minecraft:mossy_cobblestone":8,"minecraft:crafting_table":11,"paladins:iron_mace":251,"minecraft:white_bed":2,"minecraft:cake":1,"minecraft:smoker":2,"minecraft:oak_log":3,"minecraft:iron_pickaxe":43,"justhammers:stone_hammer":138,"minecraft:stone_axe":91,"minecraft:cobblestone":82,"croptopia:peach_sapling":1,"travelersbackpack:standard":11,"minecraft:bucket":5}},"DataVersion":3465}