{"stats":{"minecraft:used":{"minecraft:stone_pickaxe":25,"minecraft:wooden_pickaxe":17,"minecraft:shield":30,"minecraft:sand":6,"minecraft:crafting_table":4,"minecraft:wooden_axe":10,"minecraft:bread":13,"archers:golden_spear":29,"minecraft:stone_axe":77,"minecraft:golden_sword":32,"minecraft:furnace":2,"botania:lime_mystical_flower":1},"minecraft:mined":{"minecraft:crafting_table":3,"minecraft:sugar_cane":2,"minecraft:magma_block":3,"minecraft:furnace":1,"minecraft:pumpkin":7,"treechop:chopped_log":4,"minecraft:grass":3,"minecraft:sand":19,"minecraft:stone":33,"minecraft:netherrack":3,"minecraft:oak_leaves":3},"minecraft:picked_up":{"minecraft:magma_block":3,"minecraft:crafting_table":3,"minecraft:leather":5,"minecraft:red_mushroom":1,"minecraft:potato":1,"minecraft:oak_log":25,"minecraft:string":4,"minecraft:apple":1,"minecraft:wheat_seeds":3,"adventurez:raw_venison":7,"minecraft:beef":3,"twigs:twig":15,"minecraft:sugar_cane":3,"minecraft:furnace":1,"minecraft:egg":1,"minecraft:pumpkin":6,"minecraft:porkchop":5,"minecraft:sand":18,"minecraft:rotten_flesh":6,"botania:lime_mystical_flower":1,"minecraft:stone_axe":1,"minecraft:mutton":5,"minecraft:oak_sapling":14,"minecraft:netherrack":3,"adventurez:orc_skin":1,"minecraft:white_wool":4,"minecraft:cobblestone":33},"minecraft:custom":{"minecraft:interact_with_furnace":12,"lootr:looted_stat":7,"minecraft:mob_kills":34,"minecraft:interact_with_crafting_table":12,"minecraft:damage_dealt_resisted":0,"minecraft:leave_game":1,"minecraft:time_since_death":57777,"minecraft:hex":0,"minecraft:time_since_rest":57777,"minecraft:sprint_one_cm":147527,"minecraft:damage_taken":603,"minecraft:walk_one_cm":163359,"minecraft:damage_blocked_by_shield":345,"minecraft:drop":3,"minecraft:damage_dealt":6052,"minecraft:swim_one_cm":9663,"minecraft:talked_to_villager":7,"minecraft:fly_one_cm":24690,"minecraft:crouch_one_cm":82,"minecraft:play_time":57777,"minecraft:sneak_time":85,"minecraft:walk_under_water_one_cm":5687,"minecraft:jump":255,"minecraft:walk_on_water_one_cm":11632,"minecraft:total_world_time":57777,"minecraft:fall_one_cm":2754},"minecraft:crafted":{"minecraft:oak_planks":36,"minecraft:cooked_porkchop":5,"minecraft:crafting_table":1,"travelersbackpack:backpack_tank":1,"comforts:sleeping_bag_white":1,"minecraft:wooden_pickaxe":1,"minecraft:furnace":1,"minecraft:stone_axe":1,"minecraft:air":0,"minecraft:glass":6,"minecraft:charcoal":16,"minecraft:stick":38,"minecraft:iron_ingot":2,"minecraft:stone_pickaxe":1,"minecraft:wooden_axe":1,"minecraft:torch":4},"minecraft:dropped":{"minecraft:stone_axe":1,"minecraft:wheat_seeds":2,"minecraft:red_mushroom":1},"minecraft:broken":{"minecraft:golden_sword":1,"archers:golden_spear":1},"minecraft:killed":{"minecraft:pig":3,"minecraft:spider":3,"minecraft:sheep":4,"minecraft:skeleton":1,"minecraft:pillager":14,"adventurez:deer":3,"minecraft:zombie":4,"adventurez:orc":1,"minecraft:cow":1}},"DataVersion":3465}