{"stats":{"minecraft:used":{"minecraft:wooden_axe":10,"minecraft:bread":8,"minecraft:stone_pickaxe":25,"minecraft:shield":2,"minecraft:wooden_pickaxe":17,"archers:golden_spear":29,"minecraft:stone_axe":49,"minecraft:sand":6,"minecraft:crafting_table":3,"minecraft:furnace":1,"botania:lime_mystical_flower":1},"minecraft:mined":{"minecraft:magma_block":3,"minecraft:furnace":1,"minecraft:pumpkin":7,"treechop:chopped_log":4,"minecraft:crafting_table":3,"minecraft:grass":1,"minecraft:sand":11,"minecraft:stone":33,"minecraft:sugar_cane":2,"minecraft:netherrack":3,"minecraft:oak_leaves":3},"minecraft:picked_up":{"minecraft:crafting_table":3,"minecraft:magma_block":3,"minecraft:pumpkin":6,"minecraft:leather":5,"minecraft:red_mushroom":1,"minecraft:potato":1,"minecraft:porkchop":5,"minecraft:sand":11,"minecraft:oak_log":25,"minecraft:string":4,"botania:lime_mystical_flower":1,"minecraft:rotten_flesh":6,"minecraft:apple":1,"minecraft:stone_axe":1,"adventurez:raw_venison":7,"minecraft:beef":3,"minecraft:sugar_cane":3,"minecraft:oak_sapling":14,"twigs:twig":15,"minecraft:netherrack":3,"minecraft:mutton":5,"adventurez:orc_skin":1,"minecraft:white_wool":4,"minecraft:egg":1,"minecraft:cobblestone":33,"minecraft:furnace":1},"minecraft:custom":{"minecraft:time_since_rest":45777,"minecraft:sprint_one_cm":111030,"lootr:looted_stat":1,"minecraft:interact_with_furnace":4,"minecraft:damage_taken":348,"minecraft:walk_one_cm":104797,"minecraft:damage_blocked_by_shield":50,"minecraft:mob_kills":20,"minecraft:drop":2,"minecraft:damage_dealt":2974,"minecraft:swim_one_cm":9663,"minecraft:interact_with_crafting_table":7,"minecraft:fly_one_cm":14279,"minecraft:play_time":45777,"minecraft:sneak_time":56,"minecraft:walk_under_water_one_cm":5687,"minecraft:damage_dealt_resisted":0,"minecraft:jump":174,"minecraft:leave_game":1,"minecraft:time_since_death":45777,"minecraft:walk_on_water_one_cm":11632,"minecraft:total_world_time":45777,"minecraft:hex":0,"minecraft:fall_one_cm":1103},"minecraft:crafted":{"minecraft:oak_planks":36,"minecraft:charcoal":16,"minecraft:crafting_table":1,"minecraft:stick":38,"minecraft:wooden_pickaxe":1,"minecraft:stone_pickaxe":1,"minecraft:wooden_axe":1,"minecraft:furnace":1,"minecraft:torch":4,"minecraft:stone_axe":1,"minecraft:air":0},"minecraft:dropped":{"minecraft:stone_axe":1,"minecraft:red_mushroom":1},"minecraft:broken":{"archers:golden_spear":1},"minecraft:killed":{"minecraft:skeleton":1,"minecraft:sheep":4,"adventurez:deer":3,"minecraft:zombie":4,"minecraft:pig":3,"minecraft:spider":3,"minecraft:cow":1,"adventurez:orc":1}},"DataVersion":3465}