{"stats":{"minecraft:used":{"simplyswords:iron_warglaive":174,"minecraft:chest":1,"minecraft:shield":87,"rogues:stone_double_axe":423,"minecraft:torch":6,"regions_unexplored:mauve_sapling":1,"minecraft:dark_oak_planks":3,"minecraft:wooden_axe":10,"minecraft:iron_axe":171,"rogues:golden_glaive":28,"archers:golden_spear":29,"minecraft:golden_sword":32,"minecraft:oak_sapling":36,"minecraft:furnace":5,"comforts:sleeping_bag_white":1,"minecraft:cooked_beef":11,"botania:lime_mystical_flower":1,"minecraft:cooked_mutton":4,"minecraft:stone_pickaxe":428,"minecraft:oak_planks":72,"minecraft:wooden_pickaxe":17,"minecraft:sand":6,"minecraft:crafting_table":10,"minecraft:white_bed":2,"minecraft:smoker":2,"minecraft:bread":47,"justhammers:stone_hammer":3,"minecraft:stone_axe":91,"minecraft:cobblestone":72,"travelersbackpack:standard":10,"minecraft:smithing_table":2,"minecraft:experience_bottle":2},"minecraft:picked_up":{"techreborn:raw_tin":71,"minecraft:charcoal":18,"minecraft:crafting_table":7,"minecraft:smithing_table":1,"minecraft:brown_mushroom":1,"croptopia:calamari":3,"promenade:blunite":2,"minecraft:string":6,"minecraft:raw_copper":93,"minecraft:cyan_carpet":1,"minecraft:cobbled_deepslate":3,"comforts:sleeping_bag_white":1,"minecraft:beef":15,"minecraft:calcite":2,"minecraft:player_head":1,"minecraft:sugar_cane":3,"minecraft:egg":1,"minecraft:furnace":3,"minecraft:raw_iron":2,"promenade:asphalt":2,"minecraft:torch":3,"minecraft:porkchop":5,"regions_unexplored:daisy":4,"minecraft:dark_oak_planks":5,"minecraft:arrow":3,"botania:lime_mystical_flower":1,"minecraft:rotten_flesh":59,"regions_unexplored:mauve_sapling":2,"expandeddelight:asparagus":1,"minecraft:beetroot_seeds":1,"regions_unexplored:mauve_log":7,"minecraft:gold_ingot":1,"minecraft:mutton":7,"adventurez:orc_skin":2,"minecraft:white_wool":19,"minecraft:cobblestone":342,"minecraft:magma_block":3,"modern_industrialization:raw_antimony":1,"minecraft:andesite":46,"minecraft:leather":13,"minecraft:smoker":1,"minecraft:red_mushroom":9,"minecraft:potato":2,"minecraft:oak_log":94,"minecraft:gunpowder":2,"bewitchment:aconite_seeds":2,"minecraft:dirt":30,"minecraft:bone":7,"minecraft:apple":4,"minecraft:wheat_seeds":5,"adventurez:raw_venison":7,"create_new_age:magnetite_block":2,"ftbquests:book":1,"minecraft:stone_pickaxe":1,"bewitchment:mandrake_seeds":1,"minecraft:iron_ingot":5,"twigs:twig":37,"minecraft:oak_planks":14,"minecraft:pumpkin":6,"regions_unexplored:willow_sapling":1,"minecraft:sand":18,"minecraft:blast_furnace":1,"minecraft:ink_sac":7,"minecraft:spider_eye":1,"regions_unexplored:mauve_planks":40,"modern_industrialization:raw_nickel":5,"regions_unexplored:fireweed":1,"minecraft:stone_axe":1,"minecraft:damaged_anvil":1,"minecraft:oak_sapling":94,"minecraft:netherrack":3},"minecraft:mined":{"minecraft:dark_oak_planks":5,"minecraft:oak_sapling":1,"modern_industrialization:deepslate_antimony_ore":1,"minecraft:granite":31,"minecells:rotting_corpse":1,"minecraft:grass_block":7,"minecraft:red_mushroom":1,"minecraft:spawner":2,"minecraft:magma_block":3,"minecraft:furnace":3,"minecraft:iron_ore":2,"minecraft:andesite":23,"minecraft:pumpkin":7,"treechop:chopped_log":18,"expandeddelight:wild_asparagus":1,"regions_unexplored:medium_grass":1,"minecraft:stone":258,"minecraft:player_head":1,"minecraft:smithing_table":1,"minecraft:smoker":1,"create_new_age:magnetite_block":2,"minecraft:crafting_table":7,"minecraft:blast_furnace":1,"minecraft:calcite":2,"modern_industrialization:nickel_ore":5,"minecraft:copper_ore":24,"minecraft:tall_grass":2,"minecraft:cobblestone":3,"minecraft:damaged_anvil":1,"minecraft:oak_planks":14,"minecraft:sugar_cane":2,"minecraft:deepslate_copper_ore":2,"techreborn:tin_ore":37,"farmersdelight:wild_beetroots":1,"minecraft:grass":21,"minecraft:cyan_carpet":1,"minecraft:sand":19,"minecraft:dirt":14,"promenade:asphalt":2,"minecraft:netherrack":3,"minecraft:oak_leaves":3,"minecraft:deepslate":3},"minecraft:custom":{"minecraft:interact_with_smithing_table":6,"lootr:looted_stat":19,"minecraft:mob_kills":104,"minecraft:interact_with_crafting_table":48,"minecraft:open_barrel":7,"minecraft:damage_dealt_resisted":0,"minecraft:leave_game":2,"minecraft:time_since_death":190373,"minecraft:climb_one_cm":1621,"minecraft:damage_resisted":0,"minecraft:sprint_one_cm":749016,"minecraft:walk_one_cm":621545,"minecraft:damage_blocked_by_shield":2124,"minecraft:drop":39,"minecraft:talked_to_villager":15,"minecraft:play_time":271280,"minecraft:deaths":1,"minecraft:walk_under_water_one_cm":24937,"minecraft:sneak_time":6418,"minecraft:jump":1936,"minecraft:interact_with_blast_furnace":1,"minecraft:walk_on_water_one_cm":54540,"minecraft:total_world_time":271280,"minecraft:interact_with_furnace":30,"minecraft:sleep_in_bed":7,"minecraft:hex":0,"minecraft:time_since_rest":9504,"minecraft:damage_taken":3583,"minecraft:damage_dealt":25071,"minecraft:swim_one_cm":46680,"minecraft:fly_one_cm":216314,"minecraft:open_chest":13,"minecraft:crouch_one_cm":9914,"minecraft:interact_with_smoker":10,"minecraft:fall_one_cm":30758,"minecraft:horse_one_cm":10006},"minecraft:crafted":{"minecraft:oak_planks":192,"travelersbackpack:crafting_upgrade":1,"minecraft:iron_nugget":9,"comforts:sleeping_bag_white":1,"minecraft:furnace":4,"minecraft:stone":3,"simplyswords:iron_warglaive":1,"travelersbackpack:blank_upgrade":4,"minecraft:cooked_mutton":5,"minecraft:glass":12,"regions_unexplored:mauve_planks":28,"minecraft:iron_axe":1,"minecraft:stone_pickaxe":4,"minecraft:chest":3,"minecraft:smoker":1,"minecraft:cooked_beef":22,"travelersbackpack:iron_tier_upgrade":1,"minecraft:cooked_porkchop":5,"minecraft:crafting_table":4,"rogues:stone_double_axe":4,"travelersbackpack:backpack_tank":2,"minecraft:wooden_pickaxe":1,"travelersbackpack:standard":3,"minecraft:smithing_table":1,"minecraft:stone_axe":1,"minecraft:air":0,"minecraft:charcoal":26,"justhammers:stone_hammer":1,"minecraft:stick":128,"minecraft:iron_ingot":4,"minecraft:wooden_axe":1,"minecraft:white_bed":2,"minecraft:torch":20,"minecraft:shears":1},"minecraft:dropped":{"regions_unexplored:fireweed":1,"minecraft:brown_mushroom":1,"minecraft:wheat_seeds":4,"regions_unexplored:willow_sapling":1,"minecraft:cobblestone":88,"minecraft:apple":1,"regions_unexplored:daisy":4,"minecraft:red_mushroom":5,"bewitchment:aconite_seeds":2,"techreborn:raw_tin":34,"minecraft:torch":2,"ftbquests:book":1,"minecraft:white_wool":3,"regions_unexplored:mauve_sapling":1,"twigs:twig":1,"expandeddelight:asparagus":1,"minecraft:stone_axe":1,"minecraft:rotten_flesh":14,"regions_unexplored:mauve_planks":39,"promenade:asphalt":2,"bewitchment:mandrake_seeds":1,"adventurez:orc_skin":1,"minecraft:beetroot_seeds":1,"minecraft:andesite":23,"minecraft:oak_sapling":44,"minecraft:stone_pickaxe":1,"minecraft:egg":1},"minecraft:killed_by":{"mutantmonsters:mutant_skeleton":1},"minecraft:broken":{"simplyswords:iron_warglaive":1,"minecraft:stone_pickaxe":4,"beachparty:rubber_ring_pelican":1,"minecraft:golden_sword":1,"minecraft:iron_axe":1,"minecraft:stone_axe":1,"archers:golden_spear":1,"rogues:stone_double_axe":4,"rogues:golden_glaive":1},"minecraft:killed":{"minecraft:spider":7,"bewitchment:ghost":2,"minecraft:skeleton":8,"adventurez:orc":1,"minecraft:husk":14,"minecraft:pig":3,"graveyard:ghoul":3,"minecraft:zombie_villager":1,"mythicmobs:drake":1,"minecraft:squid":4,"minecraft:creeper":1,"minecraft:sheep":6,"minecraft:pillager":17,"adventurez:deer":3,"minecraft:zombie":21,"minecraft:enderman":1,"minecraft:cow":8}},"DataVersion":3465}