{"stats":{"minecraft:killed":{"minecraft:pig":1,"minecraft:skeleton":1,"minecraft:sheep":5,"tinyskeletons:baby_skeleton":1,"minecraft:zombie":11,"minecraft:chicken":1,"minecraft:cow":2,"minecraft:enderman":1},"minecraft:picked_up":{"minecraft:wooden_axe":1,"minecraft:birch_log":5,"minecraft:crafting_table":3,"minecraft:cooked_beef":4,"minecraft:feather":4,"minecraft:chicken":1,"minecraft:andesite":65,"minecraft:leather":3,"minecraft:wooden_pickaxe":1,"minecraft:tuff":31,"minecraft:oak_log":24,"minecraft:cobbled_deepslate_stairs":1,"minecraft:cobblestone_stairs":11,"minecraft:lapis_lazuli":66,"minecraft:dirt":26,"minecraft:bone":2,"minecraft:apple":1,"minecraft:cobbled_deepslate":165,"minecraft:beef":6,"minecraft:oak_planks":1,"twigs:twig":26,"minecraft:chest":1,"minecraft:birch_sapling":17,"minecraft:furnace":2,"minecraft:stick":14,"minecraft:raw_iron":21,"patchouli:guide_book":1,"minecraft:torch":4,"minecraft:porkchop":1,"minecraft:diorite":16,"minecraft:grass_block":1,"minecraft:arrow":4,"minecraft:rotten_flesh":15,"minecraft:granite":5,"frostiful:wolf_fur_tuft":1,"minecraft:gray_wool":2,"paladins:golden_mace":1,"minecraft:oak_sapling":12,"minecraft:mutton":7,"minecraft:coal":142,"minecraft:white_wool":4,"minecraft:cobblestone":271},"minecraft:custom":{"lootr:looted_stat":1,"minecraft:interact_with_furnace":24,"minecraft:mob_kills":24,"minecraft:interact_with_crafting_table":35,"minecraft:damage_dealt_resisted":0,"minecraft:leave_game":2,"minecraft:time_since_death":116673,"minecraft:hex":0,"minecraft:time_since_rest":116673,"minecraft:sprint_one_cm":158463,"minecraft:damage_taken":736,"minecraft:walk_one_cm":378539,"minecraft:damage_blocked_by_shield":10,"minecraft:drop":25,"minecraft:damage_dealt":3832,"minecraft:fly_one_cm":25294,"minecraft:open_chest":33,"minecraft:crouch_one_cm":10055,"minecraft:play_time":116673,"minecraft:sneak_time":6763,"minecraft:walk_under_water_one_cm":1453,"minecraft:jump":744,"minecraft:walk_on_water_one_cm":2862,"minecraft:total_world_time":116673,"minecraft:fall_one_cm":9462},"minecraft:crafted":{"minecraft:oak_slab":6,"minecraft:oak_planks":76,"minecraft:crafting_table":3,"minecraft:wooden_pickaxe":1,"minecraft:cooked_chicken":1,"minecraft:furnace":4,"croptopia:toast":12,"minecraft:cobblestone_stairs":82,"minecraft:bone_meal":3,"minecraft:birch_planks":20,"minecraft:cooked_mutton":1,"minecraft:air":0,"techreborn:refined_iron_ingot":2,"minecraft:stick":34,"minecraft:iron_ingot":12,"minecraft:stone_pickaxe":7,"minecraft:wooden_axe":1,"minecraft:chest":2,"minecraft:gold_ingot":1,"minecraft:cobbled_deepslate_stairs":16,"minecraft:torch":38},"minecraft:mined":{"minecraft:tuff":31,"minecraft:cobbled_deepslate_stairs":1,"minecraft:cobblestone_stairs":11,"minecraft:crafting_table":3,"minecraft:glow_lichen":1,"minecraft:granite":4,"minecraft:grass_block":9,"minecraft:chest":1,"minecraft:cobblestone":7,"minecraft:lapis_ore":7,"minecraft:oak_planks":2,"minecraft:diorite":17,"minecraft:wall_torch":5,"minecraft:furnace":2,"minecraft:iron_ore":8,"minecraft:cobbled_deepslate":3,"minecraft:andesite":72,"treechop:chopped_log":5,"minecraft:deepslate_lapis_ore":3,"minecraft:coal_ore":57,"minecraft:deepslate_iron_ore":11,"minecraft:dirt":10,"minecraft:stone":266,"minecraft:deepslate":165},"minecraft:dropped":{"minecraft:birch_sapling":5,"minecraft:rotten_flesh":10,"minecraft:granite":2,"patchouli:guide_book":2,"paladins:golden_mace":1,"minecraft:dirt":2,"minecraft:diorite":1,"minecraft:oak_sapling":1,"ftbquests:book":1},"minecraft:broken":{"minecraft:stone_pickaxe":6},"minecraft:used":{"minecraft:cooked_mutton":1,"minecraft:diorite":15,"minecraft:stone_sword":111,"minecraft:cobblestone_stairs":95,"minecraft:stone_pickaxe":667,"minecraft:oak_planks":23,"minecraft:chest":3,"minecraft:wooden_pickaxe":14,"minecraft:shield":1,"minecraft:cooked_chicken":1,"minecraft:rotten_flesh":2,"minecraft:torch":44,"minecraft:dirt":15,"minecraft:oak_slab":2,"minecraft:crafting_table":6,"minecraft:tuff":10,"minecraft:granite":3,"minecraft:cobbled_deepslate_stairs":17,"minecraft:wooden_axe":29,"minecraft:apple":1,"minecraft:grass_block":1,"minecraft:birch_sapling":6,"croptopia:toast":9,"minecraft:cobblestone":119,"minecraft:oak_sapling":11,"minecraft:furnace":6,"minecraft:andesite":65,"minecraft:cobbled_deepslate":90}},"DataVersion":3465}