{"stats":{"minecraft:killed":{"minecraft:pig":1,"promenade:duck":1,"minecraft:skeleton":1,"minecraft:sheep":6,"tinyskeletons:baby_skeleton":1,"minecraft:zombie":11,"minecraft:chicken":2,"minecraft:cow":3,"minecraft:enderman":1},"minecraft:picked_up":{"minecraft:wooden_axe":1,"minecraft:birch_log":5,"minecraft:crafting_table":4,"minecraft:cooked_beef":4,"minecraft:feather":5,"minecraft:chicken":2,"minecraft:andesite":65,"minecraft:leather":3,"minecraft:wooden_pickaxe":1,"minecraft:tuff":31,"minecraft:oak_log":30,"minecraft:cobbled_deepslate_stairs":1,"minecraft:cobblestone_stairs":11,"minecraft:lapis_lazuli":66,"minecraft:dirt":26,"minecraft:bone":2,"minecraft:apple":1,"minecraft:cobbled_deepslate":165,"minecraft:beef":8,"minecraft:oak_planks":20,"twigs:twig":26,"minecraft:chest":1,"minecraft:birch_sapling":17,"minecraft:egg":1,"minecraft:furnace":5,"minecraft:stick":14,"minecraft:raw_iron":21,"patchouli:guide_book":1,"promenade:duck":1,"minecraft:torch":4,"minecraft:porkchop":1,"minecraft:diorite":16,"minecraft:grass_block":1,"minecraft:arrow":4,"minecraft:rotten_flesh":15,"regions_unexplored:clover":2,"minecraft:granite":5,"minecraft:carved_pumpkin":1,"frostiful:wolf_fur_tuft":1,"minecraft:gray_wool":2,"paladins:golden_mace":1,"minecraft:oak_sapling":15,"minecraft:mutton":9,"minecraft:coal":142,"minecraft:white_wool":5,"minecraft:cobblestone":271},"minecraft:custom":{"lootr:looted_stat":1,"minecraft:interact_with_furnace":27,"minecraft:mob_kills":28,"minecraft:interact_with_crafting_table":36,"minecraft:damage_dealt_resisted":0,"minecraft:leave_game":2,"minecraft:time_since_death":128673,"minecraft:hex":0,"minecraft:time_since_rest":128673,"minecraft:sprint_one_cm":254110,"minecraft:damage_taken":851,"minecraft:walk_one_cm":411975,"minecraft:damage_blocked_by_shield":10,"minecraft:drop":28,"minecraft:damage_dealt":4092,"minecraft:swim_one_cm":4198,"minecraft:fly_one_cm":46315,"minecraft:open_chest":36,"minecraft:crouch_one_cm":10278,"minecraft:play_time":128673,"minecraft:sneak_time":6902,"minecraft:walk_under_water_one_cm":3097,"minecraft:boat_one_cm":37388,"minecraft:jump":898,"minecraft:walk_on_water_one_cm":4851,"minecraft:total_world_time":128673,"minecraft:fall_one_cm":14330},"minecraft:crafted":{"minecraft:oak_slab":6,"minecraft:oak_planks":76,"minecraft:cooked_porkchop":1,"minecraft:crafting_table":4,"minecraft:wooden_pickaxe":1,"minecraft:cooked_chicken":1,"minecraft:furnace":4,"croptopia:toast":12,"minecraft:cobblestone_stairs":82,"minecraft:bone_meal":6,"minecraft:birch_planks":20,"minecraft:cooked_mutton":1,"minecraft:air":0,"techreborn:refined_iron_ingot":2,"minecraft:oak_boat":1,"minecraft:stick":34,"minecraft:iron_ingot":15,"minecraft:stone_pickaxe":7,"minecraft:wooden_axe":1,"minecraft:chest":2,"minecraft:gold_ingot":1,"minecraft:cobbled_deepslate_stairs":16,"minecraft:torch":38,"minecraft:cooked_beef":1},"minecraft:mined":{"minecraft:tuff":31,"minecraft:cobbled_deepslate_stairs":1,"minecraft:cobblestone_stairs":11,"minecraft:carved_pumpkin":1,"minecraft:crafting_table":5,"minecraft:glow_lichen":1,"minecraft:granite":4,"minecraft:grass_block":9,"minecraft:chest":1,"minecraft:cobblestone":7,"minecraft:lapis_ore":7,"minecraft:oak_planks":2,"minecraft:diorite":17,"minecraft:wall_torch":5,"minecraft:furnace":5,"minecraft:iron_ore":8,"minecraft:cobbled_deepslate":3,"minecraft:andesite":72,"treechop:chopped_log":6,"minecraft:deepslate_lapis_ore":3,"minecraft:bee_nest":1,"minecraft:coal_ore":57,"minecraft:deepslate_iron_ore":11,"minecraft:dirt":10,"minecraft:stone":266,"twigs:opaline_seashell":1,"minecraft:deepslate":165,"minecraft:fern":1},"minecraft:dropped":{"minecraft:iron_ingot":3,"minecraft:birch_sapling":5,"minecraft:rotten_flesh":10,"minecraft:granite":2,"patchouli:guide_book":2,"paladins:golden_mace":1,"minecraft:dirt":2,"minecraft:diorite":1,"minecraft:oak_sapling":1,"ftbquests:book":1},"minecraft:broken":{"minecraft:stone_pickaxe":6},"minecraft:used":{"minecraft:cooked_mutton":1,"minecraft:diorite":15,"minecraft:stone_sword":115,"minecraft:cobblestone_stairs":95,"minecraft:stone_pickaxe":670,"minecraft:oak_planks":23,"minecraft:chest":3,"minecraft:wooden_pickaxe":14,"minecraft:shield":1,"minecraft:cooked_chicken":1,"minecraft:rotten_flesh":2,"minecraft:torch":44,"minecraft:dirt":15,"minecraft:oak_slab":2,"minecraft:crafting_table":7,"minecraft:tuff":10,"minecraft:granite":3,"minecraft:cobbled_deepslate_stairs":17,"minecraft:wooden_axe":41,"minecraft:apple":1,"minecraft:grass_block":1,"minecraft:birch_sapling":6,"croptopia:toast":12,"minecraft:cobblestone":119,"minecraft:oak_sapling":11,"minecraft:furnace":6,"minecraft:andesite":65,"minecraft:oak_boat":1,"minecraft:cobbled_deepslate":91}},"DataVersion":3465}