{"stats":{"minecraft:killed":{"minecraft:pig":1,"minecraft:skeleton":1,"minecraft:sheep":1,"tinyskeletons:baby_skeleton":1,"minecraft:zombie":8,"minecraft:chicken":1,"minecraft:cow":2,"minecraft:enderman":1},"minecraft:picked_up":{"minecraft:wooden_axe":1,"minecraft:birch_log":5,"minecraft:crafting_table":2,"minecraft:cooked_beef":4,"minecraft:feather":4,"minecraft:chicken":1,"minecraft:andesite":65,"minecraft:leather":3,"minecraft:wooden_pickaxe":1,"minecraft:tuff":30,"minecraft:oak_log":24,"minecraft:cobbled_deepslate_stairs":1,"minecraft:cobblestone_stairs":11,"minecraft:lapis_lazuli":66,"minecraft:dirt":26,"minecraft:bone":2,"minecraft:apple":1,"minecraft:cobbled_deepslate":124,"minecraft:beef":6,"minecraft:oak_planks":1,"twigs:twig":26,"minecraft:chest":1,"minecraft:birch_sapling":17,"minecraft:furnace":2,"minecraft:stick":14,"minecraft:raw_iron":21,"patchouli:guide_book":1,"minecraft:torch":4,"minecraft:porkchop":1,"minecraft:diorite":16,"minecraft:grass_block":1,"minecraft:arrow":4,"minecraft:rotten_flesh":14,"minecraft:granite":5,"frostiful:wolf_fur_tuft":1,"minecraft:gray_wool":2,"paladins:golden_mace":1,"minecraft:oak_sapling":12,"minecraft:mutton":1,"minecraft:coal":142,"minecraft:cobblestone":271},"minecraft:custom":{"lootr:looted_stat":1,"minecraft:interact_with_furnace":24,"minecraft:mob_kills":17,"minecraft:interact_with_crafting_table":31,"minecraft:leave_game":2,"minecraft:time_since_death":104673,"minecraft:hex":0,"minecraft:time_since_rest":104673,"minecraft:sprint_one_cm":125582,"minecraft:damage_taken":610,"minecraft:walk_one_cm":325408,"minecraft:damage_blocked_by_shield":10,"minecraft:drop":25,"minecraft:damage_dealt":2913,"minecraft:fly_one_cm":21260,"minecraft:open_chest":33,"minecraft:crouch_one_cm":9394,"minecraft:play_time":104673,"minecraft:sneak_time":6293,"minecraft:walk_under_water_one_cm":1453,"minecraft:jump":584,"minecraft:walk_on_water_one_cm":2862,"minecraft:total_world_time":104673,"minecraft:fall_one_cm":8071},"minecraft:crafted":{"minecraft:oak_slab":6,"minecraft:oak_planks":76,"minecraft:crafting_table":3,"minecraft:wooden_pickaxe":1,"minecraft:cooked_chicken":1,"minecraft:furnace":3,"croptopia:toast":12,"minecraft:cobblestone_stairs":82,"minecraft:bone_meal":3,"minecraft:birch_planks":20,"minecraft:cooked_mutton":1,"minecraft:air":0,"techreborn:refined_iron_ingot":2,"minecraft:stick":34,"minecraft:iron_ingot":12,"minecraft:stone_pickaxe":6,"minecraft:wooden_axe":1,"minecraft:chest":2,"minecraft:gold_ingot":1,"minecraft:cobbled_deepslate_stairs":16,"minecraft:torch":38},"minecraft:mined":{"minecraft:tuff":30,"minecraft:cobbled_deepslate_stairs":1,"minecraft:cobblestone_stairs":11,"minecraft:crafting_table":2,"minecraft:glow_lichen":1,"minecraft:granite":4,"minecraft:grass_block":9,"minecraft:chest":1,"minecraft:cobblestone":7,"minecraft:lapis_ore":7,"minecraft:oak_planks":2,"minecraft:diorite":17,"minecraft:wall_torch":5,"minecraft:furnace":2,"minecraft:iron_ore":8,"minecraft:cobbled_deepslate":3,"minecraft:andesite":72,"treechop:chopped_log":5,"minecraft:deepslate_lapis_ore":3,"minecraft:coal_ore":57,"minecraft:deepslate_iron_ore":11,"minecraft:dirt":10,"minecraft:stone":266,"minecraft:deepslate":123},"minecraft:dropped":{"minecraft:birch_sapling":5,"minecraft:rotten_flesh":10,"minecraft:granite":2,"patchouli:guide_book":2,"paladins:golden_mace":1,"minecraft:dirt":2,"minecraft:diorite":1,"minecraft:oak_sapling":1,"ftbquests:book":1},"minecraft:broken":{"minecraft:stone_pickaxe":5},"minecraft:used":{"minecraft:cooked_mutton":1,"minecraft:diorite":15,"minecraft:stone_sword":83,"minecraft:cobblestone_stairs":95,"minecraft:stone_pickaxe":624,"minecraft:oak_planks":23,"minecraft:chest":3,"minecraft:wooden_pickaxe":14,"minecraft:shield":1,"minecraft:cooked_chicken":1,"minecraft:rotten_flesh":2,"minecraft:torch":34,"minecraft:dirt":15,"minecraft:oak_slab":2,"minecraft:crafting_table":5,"minecraft:tuff":9,"minecraft:granite":3,"minecraft:cobbled_deepslate_stairs":17,"minecraft:wooden_axe":26,"minecraft:apple":1,"minecraft:grass_block":1,"minecraft:birch_sapling":6,"croptopia:toast":5,"minecraft:cobblestone":107,"minecraft:oak_sapling":11,"minecraft:furnace":5,"minecraft:andesite":64,"minecraft:cobbled_deepslate":81}},"DataVersion":3465}