{"stats":{"minecraft:killed":{"minecraft:sheep":1,"tinyskeletons:baby_skeleton":1,"minecraft:zombie":7,"minecraft:chicken":1,"minecraft:enderman":1},"minecraft:picked_up":{"minecraft:wooden_axe":1,"minecraft:birch_log":5,"minecraft:crafting_table":2,"minecraft:feather":4,"minecraft:chicken":1,"minecraft:andesite":62,"minecraft:wooden_pickaxe":1,"minecraft:tuff":21,"minecraft:oak_log":19,"minecraft:cobbled_deepslate_stairs":1,"minecraft:cobblestone_stairs":11,"minecraft:lapis_lazuli":37,"minecraft:dirt":16,"minecraft:bone":1,"minecraft:apple":1,"minecraft:cobbled_deepslate":65,"twigs:twig":26,"minecraft:chest":1,"minecraft:birch_sapling":17,"minecraft:furnace":1,"minecraft:stick":14,"minecraft:raw_iron":12,"patchouli:guide_book":1,"minecraft:torch":2,"minecraft:diorite":16,"minecraft:grass_block":1,"minecraft:arrow":2,"minecraft:rotten_flesh":12,"minecraft:granite":5,"minecraft:gray_wool":2,"paladins:golden_mace":1,"minecraft:oak_sapling":8,"minecraft:mutton":1,"minecraft:coal":101,"minecraft:cobblestone":237},"minecraft:custom":{"lootr:looted_stat":1,"minecraft:interact_with_furnace":13,"minecraft:mob_kills":12,"minecraft:interact_with_crafting_table":26,"minecraft:leave_game":2,"minecraft:time_since_death":73552,"minecraft:hex":0,"minecraft:time_since_rest":73552,"minecraft:sprint_one_cm":48407,"minecraft:damage_taken":449,"minecraft:walk_one_cm":208401,"minecraft:damage_blocked_by_shield":10,"minecraft:drop":21,"minecraft:damage_dealt":2212,"minecraft:fly_one_cm":10858,"minecraft:open_chest":19,"minecraft:crouch_one_cm":8357,"minecraft:play_time":73552,"minecraft:sneak_time":5597,"minecraft:jump":344,"minecraft:total_world_time":73552,"minecraft:fall_one_cm":3708},"minecraft:crafted":{"minecraft:oak_slab":6,"minecraft:oak_planks":76,"minecraft:crafting_table":3,"minecraft:wooden_pickaxe":1,"minecraft:cooked_chicken":1,"minecraft:furnace":1,"croptopia:toast":12,"minecraft:cobblestone_stairs":66,"minecraft:bone_meal":3,"minecraft:birch_planks":20,"minecraft:cooked_mutton":1,"minecraft:air":0,"techreborn:refined_iron_ingot":2,"minecraft:stick":34,"minecraft:iron_ingot":4,"minecraft:stone_pickaxe":5,"minecraft:wooden_axe":1,"minecraft:chest":1,"minecraft:gold_ingot":1,"minecraft:cobbled_deepslate_stairs":16,"minecraft:torch":38},"minecraft:mined":{"minecraft:tuff":21,"minecraft:cobbled_deepslate_stairs":1,"minecraft:cobblestone_stairs":11,"minecraft:crafting_table":2,"minecraft:glow_lichen":1,"minecraft:granite":4,"minecraft:grass_block":3,"minecraft:chest":1,"minecraft:cobblestone":6,"minecraft:lapis_ore":6,"minecraft:oak_planks":1,"minecraft:diorite":17,"minecraft:wall_torch":3,"minecraft:furnace":1,"minecraft:iron_ore":2,"minecraft:andesite":69,"treechop:chopped_log":4,"minecraft:coal_ore":57,"minecraft:deepslate_iron_ore":8,"minecraft:dirt":6,"minecraft:stone":233,"minecraft:deepslate":65},"minecraft:dropped":{"minecraft:birch_sapling":5,"minecraft:rotten_flesh":6,"minecraft:granite":2,"patchouli:guide_book":2,"paladins:golden_mace":1,"minecraft:dirt":2,"minecraft:diorite":1,"minecraft:oak_sapling":1,"ftbquests:book":1},"minecraft:broken":{"minecraft:stone_pickaxe":4},"minecraft:used":{"minecraft:diorite":15,"minecraft:stone_sword":60,"minecraft:cobblestone_stairs":79,"minecraft:stone_pickaxe":498,"minecraft:oak_planks":12,"minecraft:wooden_pickaxe":14,"minecraft:chest":2,"minecraft:shield":1,"minecraft:cooked_chicken":1,"minecraft:rotten_flesh":2,"minecraft:torch":21,"minecraft:dirt":2,"minecraft:oak_slab":1,"minecraft:crafting_table":5,"minecraft:cobbled_deepslate_stairs":17,"minecraft:granite":3,"minecraft:wooden_axe":20,"minecraft:apple":1,"minecraft:grass_block":1,"croptopia:toast":3,"minecraft:cobblestone":91,"minecraft:furnace":2,"minecraft:oak_sapling":7,"minecraft:andesite":62,"minecraft:cobbled_deepslate":22}},"DataVersion":3465}