{"stats":{"minecraft:killed":{"promenade:duck":1,"minecraft:skeleton":1,"minecraft:chicken":2,"minecraft:pig":1,"minecraft:sheep":6,"tinyskeletons:baby_skeleton":1,"minecraft:zombie":11,"minecraft:enderman":1,"minecraft:cow":3},"minecraft:picked_up":{"minecraft:wooden_axe":1,"minecraft:birch_door":3,"minecraft:crafting_table":4,"minecraft:chicken":2,"minecraft:flower_pot":1,"minecraft:wooden_pickaxe":1,"minecraft:wither_rose":1,"promenade:blunite":7,"minecraft:dark_oak_trapdoor":2,"minecraft:cyan_carpet":7,"minecraft:cobbled_deepslate":169,"minecraft:spruce_planks":3,"minecraft:beef":8,"minecraft:cyan_wool":2,"minecraft:oak_boat":2,"minecraft:calcite":21,"minecraft:spruce_slab":8,"minecraft:lectern":1,"minecraft:chest":1,"minecraft:birch_sapling":17,"minecraft:furnace":5,"minecraft:egg":1,"minecraft:raw_iron":21,"minecraft:stick":14,"minecraft:torch":5,"minecraft:spruce_stairs":5,"minecraft:porkchop":1,"minecraft:diorite":19,"minecraft:arrow":4,"minecraft:rotten_flesh":21,"minecraft:pumpkin_pie":9,"minecraft:carved_pumpkin":1,"minecraft:gold_ingot":12,"paladins:golden_mace":1,"minecraft:mutton":9,"minecraft:white_wool":10,"minecraft:cobblestone":276,"minecraft:birch_log":5,"minecraft:feather":5,"minecraft:cooked_beef":4,"minecraft:andesite":66,"minecraft:leather":3,"minecraft:jungle_fence":2,"minecraft:jungle_wood":9,"minecraft:flint":1,"minecraft:tuff":31,"minecraft:oak_log":37,"minecraft:cobbled_deepslate_stairs":1,"minecraft:cobblestone_stairs":11,"minecraft:lapis_lazuli":66,"minecraft:dirt":26,"minecraft:bone":2,"minecraft:apple":1,"minecraft:wheat_seeds":1,"minecraft:stone_pickaxe":1,"minecraft:iron_ingot":7,"twigs:twig":42,"minecraft:oak_planks":42,"minecraft:book":9,"patchouli:guide_book":1,"promenade:duck":1,"minecraft:stone_brick_slab":1,"minecraft:gravel":1,"bewitchment:salt":2,"minecraft:jungle_slab":2,"minecraft:grass_block":1,"minecraft:cyan_bed":10,"minecraft:barrel":4,"minecraft:oak_wood":5,"minecraft:soul_lantern":1,"regions_unexplored:clover":2,"minecraft:granite":5,"minecraft:mossy_cobblestone_stairs":5,"minecraft:bone_meal":6,"minecraft:spruce_sign":5,"minecraft:gray_wool":2,"frostiful:wolf_fur_tuft":1,"minecraft:oak_sapling":15,"minecraft:coal":160},"minecraft:custom":{"minecraft:interact_with_smithing_table":5,"lootr:looted_stat":9,"minecraft:mob_kills":28,"minecraft:interact_with_crafting_table":58,"minecraft:open_barrel":25,"minecraft:damage_dealt_resisted":0,"minecraft:leave_game":2,"minecraft:time_since_death":41760,"minecraft:climb_one_cm":14907,"minecraft:sprint_one_cm":306026,"minecraft:walk_one_cm":665029,"minecraft:damage_blocked_by_shield":10,"minecraft:drop":54,"minecraft:play_time":188673,"minecraft:deaths":1,"minecraft:sneak_time":8101,"minecraft:walk_under_water_one_cm":10116,"minecraft:boat_one_cm":49507,"minecraft:jump":2776,"minecraft:interact_with_blast_furnace":4,"minecraft:walk_on_water_one_cm":8227,"minecraft:total_world_time":188673,"minecraft:interact_with_furnace":39,"minecraft:pot_flower":1,"minecraft:sleep_in_bed":1,"minecraft:hex":0,"minecraft:time_since_rest":3179,"minecraft:damage_taken":1351,"minecraft:damage_dealt":4092,"minecraft:swim_one_cm":4198,"minecraft:fly_one_cm":50531,"minecraft:open_chest":39,"minecraft:crouch_one_cm":13214,"minecraft:fall_one_cm":21602},"minecraft:crafted":{"minecraft:oak_planks":120,"minecraft:barrel":3,"minecraft:cooked_chicken":2,"minecraft:furnace":4,"croptopia:toast":12,"minecraft:cobblestone_stairs":82,"minecraft:bone_meal":6,"minecraft:cooked_mutton":1,"minecraft:stone_pickaxe":7,"minecraft:chest":2,"minecraft:cobbled_deepslate_stairs":16,"minecraft:oak_fence":9,"minecraft:cooked_beef":3,"minecraft:oak_slab":12,"minecraft:cooked_porkchop":1,"minecraft:crafting_table":4,"minecraft:wooden_pickaxe":1,"promenade:cooked_duck":1,"minecraft:birch_planks":20,"minecraft:stone_axe":1,"minecraft:air":0,"techreborn:refined_iron_ingot":3,"minecraft:oak_boat":1,"minecraft:stick":38,"minecraft:iron_ingot":15,"minecraft:wooden_axe":2,"minecraft:gold_ingot":1,"minecraft:torch":38},"minecraft:mined":{"minecraft:tuff":31,"minecraft:spruce_planks":3,"minecraft:potted_wither_rose":1,"minecraft:mossy_cobblestone":1,"minecraft:dark_oak_leaves":7,"minecraft:cobbled_deepslate_stairs":1,"minecraft:jungle_slab":2,"minecraft:cobblestone_stairs":11,"minecraft:jungle_leaves":1,"minecraft:carved_pumpkin":1,"minecraft:glow_lichen":1,"minecraft:granite":4,"minecraft:grass_block":9,"minecraft:furnace":5,"minecraft:mossy_cobblestone_stairs":5,"minecraft:dark_oak_trapdoor":2,"minecraft:barrel":3,"minecraft:iron_ore":8,"minecraft:cobbled_deepslate":7,"minecraft:andesite":73,"treechop:chopped_log":6,"minecraft:deepslate_lapis_ore":3,"minecraft:bookshelf":3,"minecraft:vine":29,"minecraft:deepslate_iron_ore":11,"bewitchment:salt_ore":2,"minecraft:stone":271,"minecraft:cake":1,"twigs:opaline_seashell":1,"minecraft:spruce_slab":8,"promenade:blunite":8,"minecraft:stone_brick_slab":1,"minecraft:crafting_table":5,"minecraft:oak_wood":5,"minecraft:calcite":21,"minecraft:chest":1,"minecraft:lectern":1,"minecraft:spruce_wall_sign":1,"minecraft:cobblestone":7,"minecraft:lapis_ore":7,"minecraft:cyan_bed":8,"minecraft:oak_planks":8,"minecraft:diorite":21,"minecraft:wall_torch":5,"minecraft:spruce_stairs":5,"minecraft:cyan_wool":2,"minecraft:jungle_wood":11,"minecraft:birch_trapdoor":1,"minecraft:jungle_fence":2,"minecraft:birch_door":2,"minecraft:bee_nest":1,"minecraft:grass":1,"minecraft:coal_ore":78,"minecraft:gravel":3,"minecraft:cyan_carpet":6,"minecraft:dirt":10,"minecraft:deepslate":165,"minecraft:fern":1},"minecraft:broken":{"minecraft:stone_pickaxe":6,"minecraft:wooden_axe":1},"minecraft:dropped":{"minecraft:spruce_sign":5,"minecraft:iron_ingot":3,"minecraft:oak_log":7,"minecraft:granite":2,"minecraft:spruce_stairs":1,"paladins:golden_mace":1,"minecraft:dirt":2,"minecraft:diorite":3,"ftbquests:book":1,"minecraft:white_wool":10,"twigs:twig":32,"minecraft:birch_sapling":5,"minecraft:rotten_flesh":16,"regions_unexplored:clover":2,"minecraft:oak_planks":16,"patchouli:guide_book":2,"minecraft:andesite":1,"minecraft:oak_boat":1,"minecraft:birch_door":2,"minecraft:oak_sapling":1,"minecraft:barrel":1,"minecraft:spruce_slab":3,"minecraft:cyan_bed":1},"minecraft:used":{"minecraft:oak_fence":9,"minecraft:stone_sword":115,"minecraft:spruce_slab":4,"minecraft:spruce_planks":3,"minecraft:chest":3,"minecraft:shield":1,"minecraft:cooked_chicken":1,"minecraft:rotten_flesh":2,"minecraft:torch":44,"minecraft:dirt":15,"paladins:paladin_armor_legs":1,"minecraft:carrot":2,"minecraft:jungle_slab":1,"minecraft:oak_wood":5,"minecraft:tuff":27,"minecraft:cyan_wool":2,"minecraft:granite":3,"minecraft:mossy_cobblestone_stairs":5,"minecraft:stone_brick_slab":1,"minecraft:wooden_axe":92,"minecraft:grass_block":1,"minecraft:birch_sapling":6,"minecraft:barrel":6,"minecraft:furnace":9,"minecraft:oak_sapling":11,"minecraft:egg":1,"minecraft:cobbled_deepslate":115,"minecraft:calcite":21,"minecraft:cooked_mutton":1,"minecraft:diorite":15,"minecraft:cobblestone_stairs":95,"minecraft:stone_pickaxe":748,"minecraft:jungle_fence":2,"minecraft:oak_planks":39,"minecraft:wooden_pickaxe":14,"minecraft:jungle_wood":9,"minecraft:dark_oak_trapdoor":2,"rogues:warrior_armor_head":1,"minecraft:crafting_table":8,"minecraft:oak_slab":2,"minecraft:cake":1,"minecraft:cobbled_deepslate_stairs":17,"minecraft:flower_pot":1,"minecraft:apple":1,"minecraft:cyan_bed":5,"minecraft:cyan_carpet":5,"minecraft:soul_lantern":1,"minecraft:stone_axe":41,"croptopia:toast":12,"minecraft:cobblestone":123,"promenade:blunite":4,"minecraft:andesite":65,"minecraft:pumpkin_pie":2,"minecraft:oak_boat":1}},"DataVersion":3465}