{"stats":{"minecraft:killed":{"minecraft:sheep":1,"tinyskeletons:baby_skeleton":1,"minecraft:zombie":3,"minecraft:chicken":1,"minecraft:enderman":1},"minecraft:picked_up":{"minecraft:wooden_axe":1,"minecraft:birch_log":5,"minecraft:crafting_table":1,"minecraft:feather":4,"minecraft:chicken":1,"minecraft:andesite":59,"minecraft:wooden_pickaxe":1,"minecraft:oak_log":19,"minecraft:cobblestone_stairs":10,"minecraft:lapis_lazuli":37,"minecraft:dirt":13,"minecraft:bone":1,"minecraft:apple":1,"minecraft:cobbled_deepslate":28,"twigs:twig":26,"minecraft:chest":1,"minecraft:birch_sapling":17,"minecraft:furnace":1,"minecraft:stick":14,"minecraft:raw_iron":4,"patchouli:guide_book":1,"minecraft:torch":1,"minecraft:diorite":16,"minecraft:grass_block":1,"minecraft:arrow":2,"minecraft:rotten_flesh":3,"minecraft:granite":4,"minecraft:gray_wool":2,"paladins:golden_mace":1,"minecraft:oak_sapling":8,"minecraft:mutton":1,"minecraft:coal":101,"minecraft:cobblestone":219},"minecraft:custom":{"lootr:looted_stat":1,"minecraft:interact_with_furnace":12,"minecraft:mob_kills":8,"minecraft:interact_with_crafting_table":24,"minecraft:leave_game":1,"minecraft:time_since_death":61128,"minecraft:hex":0,"minecraft:time_since_rest":61128,"minecraft:sprint_one_cm":38836,"minecraft:damage_taken":354,"minecraft:walk_one_cm":174998,"minecraft:damage_blocked_by_shield":10,"minecraft:drop":15,"minecraft:damage_dealt":1667,"minecraft:fly_one_cm":10215,"minecraft:open_chest":19,"minecraft:crouch_one_cm":8099,"minecraft:play_time":61128,"minecraft:sneak_time":5457,"minecraft:jump":304,"minecraft:total_world_time":61128,"minecraft:fall_one_cm":3708},"minecraft:crafted":{"minecraft:oak_slab":6,"minecraft:oak_planks":76,"minecraft:crafting_table":3,"minecraft:wooden_pickaxe":1,"minecraft:cooked_chicken":1,"minecraft:furnace":1,"croptopia:toast":12,"minecraft:cobblestone_stairs":66,"minecraft:bone_meal":3,"minecraft:birch_planks":20,"minecraft:cooked_mutton":1,"minecraft:air":0,"techreborn:refined_iron_ingot":2,"minecraft:stick":30,"minecraft:iron_ingot":4,"minecraft:stone_pickaxe":4,"minecraft:wooden_axe":1,"minecraft:chest":1,"minecraft:gold_ingot":1,"minecraft:torch":38},"minecraft:mined":{"minecraft:cobblestone_stairs":10,"minecraft:crafting_table":1,"minecraft:granite":3,"minecraft:grass_block":3,"minecraft:chest":1,"minecraft:cobblestone":4,"minecraft:lapis_ore":6,"minecraft:oak_planks":1,"minecraft:diorite":17,"minecraft:wall_torch":2,"minecraft:furnace":1,"minecraft:iron_ore":2,"minecraft:andesite":66,"treechop:chopped_log":4,"minecraft:coal_ore":57,"minecraft:dirt":3,"minecraft:stone":217,"minecraft:deepslate":28},"minecraft:dropped":{"minecraft:birch_sapling":5,"minecraft:granite":2,"patchouli:guide_book":2,"paladins:golden_mace":1,"minecraft:dirt":2,"minecraft:diorite":1,"minecraft:oak_sapling":1,"ftbquests:book":1},"minecraft:broken":{"minecraft:stone_pickaxe":3},"minecraft:used":{"minecraft:diorite":15,"minecraft:stone_sword":40,"minecraft:cobblestone_stairs":78,"minecraft:stone_pickaxe":403,"minecraft:oak_planks":12,"minecraft:wooden_pickaxe":14,"minecraft:chest":2,"minecraft:shield":1,"minecraft:rotten_flesh":2,"minecraft:torch":15,"minecraft:dirt":2,"minecraft:oak_slab":1,"minecraft:crafting_table":4,"minecraft:granite":2,"minecraft:wooden_axe":19,"minecraft:apple":1,"minecraft:grass_block":1,"croptopia:toast":3,"minecraft:cobblestone":72,"minecraft:furnace":2,"minecraft:oak_sapling":7,"minecraft:andesite":59,"minecraft:cobbled_deepslate":6}},"DataVersion":3465}