{"stats":{"minecraft:used":{"minecraft:wooden_axe":10,"minecraft:stone_sword":3,"minecraft:stone_pickaxe":64,"minecraft:chest":1,"minecraft:wooden_pickaxe":14,"minecraft:torch":3,"minecraft:crafting_table":1,"minecraft:furnace":1,"minecraft:andesite":2},"minecraft:mined":{"minecraft:iron_ore":2,"minecraft:andesite":10,"treechop:chopped_log":3,"minecraft:granite":1,"minecraft:grass_block":3,"minecraft:coal_ore":49,"minecraft:stone":14,"minecraft:diorite":1},"minecraft:picked_up":{"minecraft:birch_log":5,"minecraft:raw_iron":2,"minecraft:feather":2,"minecraft:chicken":1,"minecraft:andesite":8,"patchouli:guide_book":1,"minecraft:oak_log":8,"minecraft:diorite":1,"minecraft:dirt":5,"minecraft:apple":1,"minecraft:granite":2,"minecraft:gray_wool":1,"paladins:golden_mace":1,"minecraft:oak_sapling":1,"twigs:twig":10,"minecraft:mutton":1,"minecraft:birch_sapling":11,"minecraft:coal":49,"minecraft:cobblestone":14},"minecraft:custom":{"minecraft:time_since_rest":17442,"minecraft:interact_with_furnace":1,"minecraft:sprint_one_cm":20403,"lootr:looted_stat":1,"minecraft:damage_taken":100,"minecraft:walk_one_cm":44818,"minecraft:mob_kills":2,"minecraft:drop":15,"minecraft:damage_dealt":120,"minecraft:interact_with_crafting_table":5,"minecraft:fly_one_cm":5485,"minecraft:open_chest":4,"minecraft:crouch_one_cm":2608,"minecraft:play_time":17442,"minecraft:sneak_time":1366,"minecraft:jump":103,"minecraft:time_since_death":17442,"minecraft:total_world_time":17442,"minecraft:hex":0,"minecraft:fall_one_cm":2961},"minecraft:crafted":{"minecraft:oak_planks":32,"minecraft:crafting_table":1,"minecraft:stick":16,"minecraft:wooden_pickaxe":1,"minecraft:stone_pickaxe":1,"minecraft:wooden_axe":1,"minecraft:chest":1,"minecraft:furnace":1,"minecraft:torch":10,"minecraft:birch_planks":20},"minecraft:dropped":{"paladins:golden_mace":1,"minecraft:dirt":2,"minecraft:diorite":1,"minecraft:birch_sapling":5,"minecraft:oak_sapling":1,"minecraft:granite":2,"ftbquests:book":1,"patchouli:guide_book":2},"minecraft:killed":{"minecraft:sheep":1,"minecraft:chicken":1}},"DataVersion":3465}