{"stats":{"minecraft:killed":{"promenade:duck":1,"minecraft:skeleton":1,"minecraft:chicken":2,"minecraft:pig":1,"minecraft:sheep":6,"tinyskeletons:baby_skeleton":1,"minecraft:zombie":11,"minecraft:enderman":1,"minecraft:cow":3},"minecraft:picked_up":{"minecraft:wooden_axe":1,"minecraft:birch_door":2,"minecraft:crafting_table":4,"minecraft:chicken":2,"minecraft:wooden_pickaxe":1,"minecraft:cobbled_deepslate":165,"minecraft:spruce_planks":3,"minecraft:beef":8,"minecraft:oak_boat":1,"minecraft:calcite":11,"minecraft:spruce_slab":4,"minecraft:lectern":1,"minecraft:chest":1,"minecraft:birch_sapling":17,"minecraft:furnace":5,"minecraft:egg":1,"minecraft:raw_iron":21,"minecraft:stick":14,"minecraft:torch":4,"minecraft:spruce_stairs":3,"minecraft:porkchop":1,"minecraft:diorite":18,"minecraft:arrow":4,"minecraft:rotten_flesh":21,"minecraft:carved_pumpkin":1,"paladins:golden_mace":1,"minecraft:mutton":9,"minecraft:white_wool":10,"minecraft:cobblestone":272,"minecraft:birch_log":5,"minecraft:feather":5,"minecraft:cooked_beef":4,"minecraft:andesite":66,"minecraft:leather":3,"minecraft:tuff":31,"minecraft:oak_log":37,"minecraft:cobbled_deepslate_stairs":1,"minecraft:cobblestone_stairs":11,"minecraft:lapis_lazuli":66,"minecraft:dirt":26,"minecraft:bone":2,"minecraft:apple":1,"minecraft:wheat_seeds":1,"twigs:twig":26,"minecraft:oak_planks":36,"patchouli:guide_book":1,"promenade:duck":1,"minecraft:grass_block":1,"minecraft:cyan_bed":4,"minecraft:barrel":1,"regions_unexplored:clover":2,"minecraft:granite":5,"minecraft:spruce_sign":3,"minecraft:gray_wool":2,"frostiful:wolf_fur_tuft":1,"minecraft:oak_sapling":15,"minecraft:coal":142},"minecraft:custom":{"lootr:looted_stat":5,"minecraft:mob_kills":28,"minecraft:interact_with_crafting_table":42,"minecraft:open_barrel":1,"minecraft:damage_dealt_resisted":0,"minecraft:leave_game":2,"minecraft:time_since_death":140673,"minecraft:climb_one_cm":10400,"minecraft:sprint_one_cm":265838,"minecraft:walk_one_cm":455202,"minecraft:damage_blocked_by_shield":10,"minecraft:drop":49,"minecraft:play_time":140673,"minecraft:sneak_time":7714,"minecraft:walk_under_water_one_cm":3097,"minecraft:boat_one_cm":49507,"minecraft:jump":2025,"minecraft:walk_on_water_one_cm":5272,"minecraft:total_world_time":140673,"minecraft:interact_with_furnace":27,"minecraft:hex":0,"minecraft:time_since_rest":140673,"minecraft:damage_taken":861,"minecraft:damage_dealt":4092,"minecraft:swim_one_cm":4198,"minecraft:fly_one_cm":47102,"minecraft:open_chest":36,"minecraft:crouch_one_cm":12127,"minecraft:fall_one_cm":14635},"minecraft:crafted":{"minecraft:oak_planks":92,"minecraft:barrel":2,"minecraft:cooked_chicken":1,"minecraft:furnace":4,"croptopia:toast":12,"minecraft:cobblestone_stairs":82,"minecraft:bone_meal":6,"minecraft:cooked_mutton":1,"minecraft:stone_pickaxe":7,"minecraft:chest":2,"minecraft:cobbled_deepslate_stairs":16,"minecraft:cooked_beef":1,"minecraft:oak_slab":12,"minecraft:cooked_porkchop":1,"minecraft:crafting_table":4,"minecraft:wooden_pickaxe":1,"minecraft:birch_planks":20,"minecraft:stone_axe":1,"minecraft:air":0,"techreborn:refined_iron_ingot":2,"minecraft:oak_boat":1,"minecraft:stick":34,"minecraft:iron_ingot":15,"minecraft:wooden_axe":1,"minecraft:gold_ingot":1,"minecraft:torch":38},"minecraft:mined":{"minecraft:tuff":31,"minecraft:spruce_planks":3,"minecraft:mossy_cobblestone":1,"minecraft:dark_oak_leaves":7,"minecraft:cobbled_deepslate_stairs":1,"minecraft:cobblestone_stairs":11,"minecraft:carved_pumpkin":1,"minecraft:glow_lichen":1,"minecraft:granite":4,"minecraft:grass_block":9,"minecraft:furnace":5,"minecraft:iron_ore":8,"minecraft:cobbled_deepslate":3,"minecraft:andesite":73,"treechop:chopped_log":6,"minecraft:deepslate_lapis_ore":3,"minecraft:deepslate_iron_ore":11,"minecraft:stone":267,"twigs:opaline_seashell":1,"minecraft:spruce_slab":4,"minecraft:crafting_table":5,"minecraft:calcite":11,"minecraft:chest":1,"minecraft:lectern":1,"minecraft:spruce_wall_sign":1,"minecraft:cobblestone":7,"minecraft:lapis_ore":7,"minecraft:cyan_bed":4,"minecraft:oak_planks":2,"minecraft:diorite":18,"minecraft:wall_torch":5,"minecraft:spruce_stairs":3,"minecraft:birch_door":1,"minecraft:bee_nest":1,"minecraft:grass":1,"minecraft:coal_ore":57,"minecraft:dirt":10,"minecraft:deepslate":165,"minecraft:fern":1},"minecraft:broken":{"minecraft:stone_pickaxe":6,"minecraft:wooden_axe":1},"minecraft:dropped":{"minecraft:spruce_sign":3,"minecraft:iron_ingot":3,"minecraft:oak_log":7,"minecraft:granite":2,"minecraft:spruce_stairs":1,"paladins:golden_mace":1,"minecraft:dirt":2,"minecraft:diorite":3,"ftbquests:book":1,"minecraft:white_wool":10,"minecraft:birch_sapling":5,"minecraft:rotten_flesh":16,"regions_unexplored:clover":2,"minecraft:oak_planks":16,"patchouli:guide_book":2,"minecraft:andesite":1,"minecraft:oak_boat":1,"minecraft:birch_door":2,"minecraft:oak_sapling":1,"minecraft:barrel":1,"minecraft:spruce_slab":3},"minecraft:used":{"minecraft:stone_sword":115,"minecraft:spruce_slab":1,"minecraft:spruce_planks":3,"minecraft:chest":3,"minecraft:shield":1,"minecraft:cooked_chicken":1,"minecraft:rotten_flesh":2,"minecraft:torch":44,"minecraft:dirt":15,"minecraft:tuff":10,"minecraft:granite":3,"minecraft:wooden_axe":47,"minecraft:grass_block":1,"minecraft:birch_sapling":6,"minecraft:barrel":1,"minecraft:furnace":6,"minecraft:oak_sapling":11,"minecraft:cobbled_deepslate":110,"minecraft:cooked_mutton":1,"minecraft:diorite":15,"minecraft:cobblestone_stairs":95,"minecraft:stone_pickaxe":685,"minecraft:oak_planks":31,"minecraft:wooden_pickaxe":14,"minecraft:crafting_table":8,"minecraft:oak_slab":2,"minecraft:cobbled_deepslate_stairs":17,"minecraft:apple":1,"minecraft:cyan_bed":1,"minecraft:stone_axe":17,"croptopia:toast":12,"minecraft:cobblestone":119,"minecraft:andesite":65,"minecraft:oak_boat":1}},"DataVersion":3465}