{"stats":{"minecraft:used":{"minecraft:stone_sword":3},"minecraft:picked_up":{"minecraft:feather":2,"minecraft:chicken":1,"patchouli:guide_book":1,"minecraft:gray_wool":1,"paladins:golden_mace":1,"minecraft:mutton":1},"minecraft:custom":{"minecraft:time_since_rest":5442,"minecraft:crouch_one_cm":527,"minecraft:play_time":5442,"lootr:looted_stat":1,"minecraft:sprint_one_cm":11728,"minecraft:damage_taken":90,"minecraft:walk_one_cm":18714,"minecraft:sneak_time":84,"minecraft:mob_kills":2,"minecraft:drop":4,"minecraft:jump":35,"minecraft:damage_dealt":120,"minecraft:time_since_death":5442,"minecraft:total_world_time":5442,"minecraft:hex":0,"minecraft:fall_one_cm":2417,"minecraft:fly_one_cm":2884},"minecraft:dropped":{"paladins:golden_mace":1,"ftbquests:book":1,"patchouli:guide_book":2},"minecraft:killed":{"minecraft:sheep":1,"minecraft:chicken":1}},"DataVersion":3465}