{"stats":{"minecraft:used":{"minecraft:stone_sword":34,"minecraft:cobblestone_stairs":12,"minecraft:stone_pickaxe":262,"minecraft:oak_planks":12,"minecraft:wooden_pickaxe":14,"minecraft:chest":2,"minecraft:shield":1,"minecraft:rotten_flesh":2,"minecraft:torch":11,"minecraft:oak_slab":1,"minecraft:crafting_table":2,"minecraft:granite":2,"minecraft:wooden_axe":19,"minecraft:apple":1,"minecraft:grass_block":1,"croptopia:toast":3,"minecraft:cobblestone":58,"minecraft:oak_sapling":7,"minecraft:furnace":2,"minecraft:andesite":30,"minecraft:cobbled_deepslate":6},"minecraft:mined":{"minecraft:crafting_table":1,"minecraft:granite":3,"minecraft:grass_block":3,"minecraft:chest":1,"minecraft:cobblestone":2,"minecraft:oak_planks":1,"minecraft:diorite":1,"minecraft:wall_torch":1,"minecraft:furnace":1,"minecraft:iron_ore":2,"minecraft:andesite":39,"treechop:chopped_log":4,"minecraft:coal_ore":57,"minecraft:dirt":3,"minecraft:stone":158,"minecraft:deepslate":7},"minecraft:picked_up":{"minecraft:wooden_axe":1,"minecraft:birch_log":5,"minecraft:crafting_table":1,"minecraft:feather":4,"minecraft:chicken":1,"minecraft:andesite":32,"minecraft:wooden_pickaxe":1,"minecraft:oak_log":19,"minecraft:dirt":11,"minecraft:bone":1,"minecraft:apple":1,"minecraft:cobbled_deepslate":6,"twigs:twig":26,"minecraft:chest":1,"minecraft:birch_sapling":17,"minecraft:furnace":1,"minecraft:stick":14,"minecraft:raw_iron":4,"patchouli:guide_book":1,"minecraft:diorite":1,"minecraft:grass_block":1,"minecraft:arrow":2,"minecraft:rotten_flesh":2,"minecraft:granite":4,"minecraft:gray_wool":2,"paladins:golden_mace":1,"minecraft:oak_sapling":8,"minecraft:mutton":1,"minecraft:coal":101,"minecraft:cobblestone":158},"minecraft:custom":{"lootr:looted_stat":1,"minecraft:interact_with_furnace":12,"minecraft:mob_kills":7,"minecraft:interact_with_crafting_table":18,"minecraft:time_since_death":41442,"minecraft:hex":0,"minecraft:time_since_rest":41442,"minecraft:sprint_one_cm":32565,"minecraft:damage_taken":271,"minecraft:walk_one_cm":119679,"minecraft:damage_blocked_by_shield":10,"minecraft:drop":15,"minecraft:damage_dealt":1417,"minecraft:fly_one_cm":9442,"minecraft:open_chest":19,"minecraft:crouch_one_cm":6563,"minecraft:play_time":41442,"minecraft:sneak_time":4773,"minecraft:jump":257,"minecraft:total_world_time":41442,"minecraft:fall_one_cm":3499},"minecraft:crafted":{"minecraft:oak_slab":6,"minecraft:oak_planks":32,"minecraft:crafting_table":1,"minecraft:wooden_pickaxe":1,"minecraft:cooked_chicken":1,"minecraft:furnace":1,"croptopia:toast":12,"minecraft:cobblestone_stairs":12,"minecraft:bone_meal":3,"minecraft:birch_planks":20,"minecraft:cooked_mutton":1,"minecraft:air":0,"techreborn:refined_iron_ingot":2,"minecraft:stick":30,"minecraft:iron_ingot":4,"minecraft:stone_pickaxe":3,"minecraft:wooden_axe":1,"minecraft:chest":1,"minecraft:gold_ingot":1,"minecraft:torch":38},"minecraft:dropped":{"minecraft:birch_sapling":5,"minecraft:granite":2,"patchouli:guide_book":2,"paladins:golden_mace":1,"minecraft:dirt":2,"minecraft:diorite":1,"minecraft:oak_sapling":1,"ftbquests:book":1},"minecraft:broken":{"minecraft:stone_pickaxe":2},"minecraft:killed":{"minecraft:sheep":1,"tinyskeletons:baby_skeleton":1,"minecraft:zombie":2,"minecraft:chicken":1,"minecraft:enderman":1}},"DataVersion":3465}