{"stats":{"minecraft:used":{"minecraft:stone_sword":23,"minecraft:stone_pickaxe":161,"minecraft:wooden_pickaxe":14,"minecraft:chest":1,"minecraft:shield":1,"minecraft:rotten_flesh":2,"minecraft:torch":8,"minecraft:crafting_table":1,"minecraft:wooden_axe":10,"minecraft:apple":1,"croptopia:toast":2,"minecraft:cobblestone":24,"minecraft:furnace":1,"minecraft:andesite":29,"minecraft:cobbled_deepslate":6},"minecraft:mined":{"minecraft:granite":2,"minecraft:grass_block":3,"minecraft:diorite":1,"minecraft:wall_torch":1,"minecraft:iron_ore":2,"minecraft:andesite":37,"treechop:chopped_log":3,"minecraft:coal_ore":57,"minecraft:dirt":3,"minecraft:stone":65,"minecraft:deepslate":7},"minecraft:picked_up":{"minecraft:birch_log":5,"minecraft:feather":2,"minecraft:chicken":1,"minecraft:andesite":30,"minecraft:oak_log":8,"minecraft:dirt":8,"minecraft:bone":1,"minecraft:apple":1,"minecraft:cobbled_deepslate":6,"twigs:twig":10,"minecraft:birch_sapling":11,"minecraft:raw_iron":2,"patchouli:guide_book":1,"minecraft:diorite":1,"minecraft:arrow":2,"minecraft:rotten_flesh":2,"minecraft:granite":3,"minecraft:gray_wool":1,"paladins:golden_mace":1,"minecraft:oak_sapling":1,"minecraft:mutton":1,"minecraft:coal":57,"minecraft:cobblestone":63},"minecraft:custom":{"lootr:looted_stat":1,"minecraft:interact_with_furnace":4,"minecraft:mob_kills":6,"minecraft:interact_with_crafting_table":11,"minecraft:time_since_death":29442,"minecraft:hex":0,"minecraft:time_since_rest":29442,"minecraft:sprint_one_cm":26140,"minecraft:damage_taken":203,"minecraft:walk_one_cm":63644,"minecraft:damage_blocked_by_shield":10,"minecraft:drop":15,"minecraft:damage_dealt":867,"minecraft:fly_one_cm":8119,"minecraft:open_chest":9,"minecraft:crouch_one_cm":6064,"minecraft:play_time":29442,"minecraft:sneak_time":4588,"minecraft:jump":220,"minecraft:total_world_time":29442,"minecraft:fall_one_cm":3499},"minecraft:crafted":{"minecraft:oak_planks":32,"minecraft:crafting_table":1,"minecraft:wooden_pickaxe":1,"minecraft:cooked_chicken":1,"minecraft:furnace":1,"croptopia:toast":12,"minecraft:birch_planks":20,"minecraft:cooked_mutton":1,"minecraft:air":0,"minecraft:stick":30,"minecraft:stone_pickaxe":2,"minecraft:wooden_axe":1,"minecraft:chest":1,"minecraft:torch":38},"minecraft:dropped":{"minecraft:birch_sapling":5,"minecraft:granite":2,"patchouli:guide_book":2,"paladins:golden_mace":1,"minecraft:dirt":2,"minecraft:diorite":1,"minecraft:oak_sapling":1,"ftbquests:book":1},"minecraft:broken":{"minecraft:stone_pickaxe":1},"minecraft:killed":{"minecraft:sheep":1,"tinyskeletons:baby_skeleton":1,"minecraft:zombie":2,"minecraft:chicken":1}},"DataVersion":3465}