{"stats":{"minecraft:killed":{"bewitchment:ghost":1,"minecraft:skeleton":9,"minecraft:chicken":1,"minecraft:husk":4,"graveyard:ghoul":1,"naturalist:firefly":1,"bewitchment:raven":1,"minecraft:sheep":3,"tinyskeletons:baby_skeleton":1,"minecraft:zombie":8,"minecraft:cow":2},"minecraft:picked_up":{"techreborn:raw_tin":3,"modern_industrialization:lignite_coal":11,"minecraft:crafting_table":6,"minecraft:chicken":1,"croptopia:cinnamon_log":6,"promenade:blunite":19,"minecraft:cornflower":1,"minecraft:raw_copper":17,"twigs:opaline_seashell":1,"minecraft:beef":3,"minecraft:calcite":4,"minecraft:jungle_sapling":1,"minecraft:coal_block":4,"croptopia:cinnamon_sapling":4,"minecraft:chest":1,"minecraft:birch_sapling":3,"minecraft:furnace":1,"minecraft:egg":1,"minecraft:stick":65,"minecraft:stone":11,"minecraft:oak_door":24,"minecraft:torch":13,"minecraft:green_bed":5,"minecraft:diorite":66,"minecraft:vine":1,"bewitchment:garlic":1,"twigs:mossy_cobblestone_bricks":19,"minecraft:stone_sword":1,"minecraft:arrow":4,"minecraft:rotten_flesh":11,"minecraft:beetroot_seeds":1,"create:scoria":32,"minecraft:carved_pumpkin":1,"supplementaries:ash":11,"twigs:tangerine_seashell":1,"minecraft:mutton":5,"minecraft:white_wool":3,"minecraft:cobblestone":771,"minecraft:birch_log":12,"modern_industrialization:raw_antimony":3,"minecraft:feather":2,"minecraft:andesite":12,"minecraft:jungle_log":8,"minecraft:leather":3,"vinery:jungle_grape_seeds_red":17,"minecraft:smoker":1,"minecraft:red_mushroom":12,"minecraft:birch_planks":8,"croptopia:mango":10,"minecraft:tuff":10,"minecraft:oak_log":25,"minecraft:lapis_lazuli":27,"bewitchment:aconite_seeds":1,"minecraft:dirt":261,"minecraft:glass":29,"minecraft:bone":6,"minecraft:wheat_seeds":14,"minecraft:raw_gold":6,"bewitchment:mandrake_seeds":1,"twigs:twig":6,"minecraft:oak_planks":1,"minecraft:oak_pressure_plate":14,"bewitchment:belladonna_seeds":1,"minecraft:sand":80,"bewitchment:salt":7,"justhammers:stone_hammer":1,"minecraft:blast_furnace":1,"minecraft:white_bed":6,"minecraft:cyan_bed":2,"minecraft:mossy_cobblestone":21,"minecraft:jungle_leaves":9,"croptopia:cherry":1,"minecraft:diamond":5,"minecraft:granite":137,"minecraft:emerald":10,"minecraft:oak_button":2,"bewitchment:ectoplasm":2,"minecraft:oak_sapling":10,"minecraft:oak_leaves":14,"minecraft:netherrack":10,"minecraft:coal":76},"minecraft:custom":{"minecraft:interact_with_smithing_table":11,"lootr:looted_stat":4,"minecraft:mob_kills":32,"minecraft:interact_with_crafting_table":45,"minecraft:damage_dealt_resisted":0,"minecraft:leave_game":1,"minecraft:time_since_death":16816,"minecraft:climb_one_cm":9568,"minecraft:damage_resisted":0,"minecraft:sprint_one_cm":304168,"minecraft:walk_one_cm":489478,"minecraft:damage_blocked_by_shield":386,"minecraft:drop":19,"minecraft:play_time":196470,"minecraft:deaths":7,"minecraft:sneak_time":6776,"minecraft:walk_under_water_one_cm":6018,"minecraft:jump":1951,"minecraft:interact_with_blast_furnace":2,"minecraft:walk_on_water_one_cm":9449,"minecraft:total_world_time":196470,"minecraft:interact_with_furnace":36,"minecraft:interact_with_cartography_table":2,"minecraft:sleep_in_bed":7,"minecraft:hex":0,"minecraft:time_since_rest":16873,"minecraft:damage_taken":3518,"minecraft:damage_dealt":5630,"minecraft:swim_one_cm":11584,"minecraft:fly_one_cm":124725,"minecraft:open_chest":40,"minecraft:crouch_one_cm":7752,"minecraft:interact_with_smoker":7,"minecraft:fall_one_cm":54921},"minecraft:killed_by":{"minecraft:husk":1,"minecraft:enderman":1,"artifacts:mimic":1,"minecraft:zombie":2},"minecraft:crafted":{"grassoverhaul:dirt_sod_patch":2,"minecraft:oak_door":4,"minecraft:oak_planks":18,"minecraft:coal":28,"minecraft:oak_pressure_plate":4,"minecraft:cooked_chicken":1,"minecraft:stone":68,"minecraft:cooked_mutton":4,"minecraft:glass":19,"minecraft:stone_pickaxe":2,"minecraft:chest":2,"twigs:mossy_cobblestone_bricks":10,"minecraft:oak_button":1,"minecraft:cooked_beef":3,"minecraft:wooden_shovel":2,"minecraft:crafting_table":1,"minecraft:wooden_pickaxe":1,"minecraft:birch_planks":42,"minecraft:charcoal":8,"twigs:cobblestone_bricks":4,"justhammers:stone_hammer":6,"minecraft:stick":4,"minecraft:stone_sword":23,"minecraft:torch":24},"minecraft:mined":{"minecraft:white_bed":6,"minecraft:mossy_cobblestone":21,"minecraft:oak_door":12,"minecraft:jungle_leaves":13,"minecraft:carved_pumpkin":1,"minecraft:granite":23,"minecraft:grass_block":181,"minecraft:jungle_log":1,"minecraft:oak_pressure_plate":8,"minecraft:coal_block":4,"minecraft:red_mushroom":1,"minecraft:furnace":1,"minecraft:fire":4,"treechop:chopped_log":5,"minecraft:vine":1,"bewitchment:salt_ore":4,"regions_unexplored:medium_grass":2,"minecraft:stone":40,"twigs:opaline_seashell":1,"minecraft:green_bed":5,"minecraft:smoker":1,"minecraft:crafting_table":6,"minecraft:torch":6,"minecraft:blast_furnace":1,"minecraft:chest":1,"create:scoria":1,"minecraft:cobblestone":44,"minecraft:tall_grass":3,"minecraft:cyan_bed":2,"minecraft:wall_torch":5,"techreborn:tin_ore":2,"supplementaries:urn":3,"minecraft:birch_planks":8,"amendments:directional_cake":1,"twigs:tangerine_seashell":1,"regions_unexplored:sandy_grass":3,"minecraft:grass":46,"minecraft:oak_log":1,"minecraft:coal_ore":11,"croptopia:cinnamon_leaves":3,"minecraft:sand":65,"minecraft:dirt":87,"minecraft:oak_button":2,"minecraft:netherrack":10,"minecraft:oak_leaves":29,"minecraft:fern":17},"minecraft:broken":{"minecraft:wooden_shovel":2,"minecraft:stone_sword":1,"minecraft:wooden_pickaxe":1,"minecraft:stone_pickaxe":1},"minecraft:dropped":{"minecraft:birch_planks":4,"minecraft:wheat_seeds":8,"croptopia:cinnamon_sapling":2,"minecraft:coal":5,"minecraft:red_mushroom":4,"minecraft:stick":6,"minecraft:dirt":27,"minecraft:cornflower":2,"minecraft:jungle_leaves":3,"bewitchment:belladonna_seeds":1,"minecraft:oak_door":2,"minecraft:stone_sword":1,"minecraft:beetroot":4,"minecraft:oak_planks":2,"bewitchment:mandrake_seeds":1,"minecraft:calcite":2},"minecraft:used":{"minecraft:jungle_leaves":6,"minecraft:stone_sword":240,"minecraft:chest":3,"minecraft:shield":12,"minecraft:wooden_shovel":94,"minecraft:cooked_chicken":1,"minecraft:netherrack":10,"minecraft:oak_door":26,"minecraft:torch":38,"minecraft:dirt":116,"minecraft:granite":34,"minecraft:glass":18,"minecraft:furnace":1,"croptopia:mango":1,"minecraft:cooked_mutton":1,"minecraft:birch_planks":25,"minecraft:stone_pickaxe":214,"minecraft:wooden_pickaxe":50,"minecraft:green_bed":5,"minecraft:oak_leaves":2,"minecraft:crafting_table":7,"minecraft:blast_furnace":1,"minecraft:white_bed":6,"minecraft:shears":27,"minecraft:smoker":1,"minecraft:bread":20,"minecraft:cyan_bed":2,"minecraft:oak_button":2,"minecraft:oak_pressure_plate":16,"grassoverhaul:dirt_sod_patch":2,"justhammers:stone_hammer":157,"minecraft:cobblestone":640,"minecraft:golden_pickaxe":1}},"DataVersion":3465}