{"stats":{"minecraft:killed":{"bewitchment:ghost":1,"minecraft:skeleton":9,"minecraft:chicken":1,"minecraft:husk":4,"graveyard:ghoul":1,"naturalist:firefly":1,"bewitchment:raven":1,"minecraft:sheep":3,"tinyskeletons:baby_skeleton":1,"minecraft:zombie":7,"minecraft:cow":2},"minecraft:picked_up":{"techreborn:raw_tin":2,"modern_industrialization:lignite_coal":11,"minecraft:crafting_table":3,"minecraft:chicken":1,"croptopia:cinnamon_log":5,"promenade:blunite":19,"minecraft:raw_copper":17,"twigs:opaline_seashell":1,"minecraft:beef":3,"minecraft:calcite":4,"minecraft:jungle_sapling":1,"minecraft:coal_block":4,"croptopia:cinnamon_sapling":1,"minecraft:chest":1,"minecraft:birch_sapling":3,"minecraft:egg":1,"minecraft:stick":8,"minecraft:oak_door":1,"minecraft:torch":3,"minecraft:green_bed":3,"minecraft:diorite":66,"twigs:mossy_cobblestone_bricks":19,"minecraft:stone_sword":1,"minecraft:arrow":4,"minecraft:rotten_flesh":10,"minecraft:beetroot_seeds":1,"create:scoria":32,"minecraft:carved_pumpkin":1,"supplementaries:ash":11,"twigs:tangerine_seashell":1,"minecraft:mutton":5,"minecraft:white_wool":3,"minecraft:cobblestone":489,"minecraft:birch_log":12,"modern_industrialization:raw_antimony":3,"minecraft:feather":2,"minecraft:andesite":12,"minecraft:jungle_log":8,"minecraft:leather":3,"vinery:jungle_grape_seeds_red":17,"minecraft:red_mushroom":12,"minecraft:birch_planks":8,"croptopia:mango":10,"minecraft:tuff":10,"minecraft:oak_log":25,"minecraft:lapis_lazuli":27,"bewitchment:aconite_seeds":1,"minecraft:dirt":78,"minecraft:bone":6,"minecraft:wheat_seeds":6,"minecraft:raw_gold":6,"bewitchment:mandrake_seeds":1,"twigs:twig":6,"minecraft:sand":64,"bewitchment:salt":7,"justhammers:stone_hammer":1,"minecraft:white_bed":3,"minecraft:cyan_bed":1,"minecraft:mossy_cobblestone":21,"croptopia:cherry":1,"minecraft:diamond":5,"minecraft:granite":126,"minecraft:emerald":10,"bewitchment:ectoplasm":2,"minecraft:oak_sapling":10,"minecraft:netherrack":10,"minecraft:coal":12},"minecraft:custom":{"minecraft:interact_with_smithing_table":9,"lootr:looted_stat":4,"minecraft:mob_kills":31,"minecraft:interact_with_crafting_table":33,"minecraft:damage_dealt_resisted":0,"minecraft:leave_game":1,"minecraft:time_since_death":36637,"minecraft:climb_one_cm":3489,"minecraft:damage_resisted":0,"minecraft:sprint_one_cm":277281,"minecraft:walk_one_cm":313417,"minecraft:damage_blocked_by_shield":361,"minecraft:drop":9,"minecraft:play_time":136470,"minecraft:deaths":4,"minecraft:sneak_time":6182,"minecraft:walk_under_water_one_cm":6018,"minecraft:jump":1361,"minecraft:interact_with_blast_furnace":1,"minecraft:walk_on_water_one_cm":8697,"minecraft:total_world_time":136470,"minecraft:interact_with_furnace":23,"minecraft:interact_with_cartography_table":2,"minecraft:sleep_in_bed":7,"minecraft:hex":0,"minecraft:time_since_rest":9033,"minecraft:damage_taken":2289,"minecraft:damage_dealt":5480,"minecraft:swim_one_cm":11584,"minecraft:fly_one_cm":107919,"minecraft:open_chest":29,"minecraft:crouch_one_cm":6808,"minecraft:interact_with_smoker":7,"minecraft:fall_one_cm":31555},"minecraft:killed_by":{"minecraft:husk":1,"minecraft:enderman":1,"artifacts:mimic":1,"minecraft:zombie":1},"minecraft:crafted":{"minecraft:oak_door":2,"minecraft:coal":28,"minecraft:cooked_chicken":1,"minecraft:stone":68,"minecraft:cooked_mutton":4,"minecraft:stone_pickaxe":2,"minecraft:chest":2,"twigs:mossy_cobblestone_bricks":10,"minecraft:cooked_beef":3,"minecraft:crafting_table":1,"minecraft:wooden_pickaxe":1,"minecraft:birch_planks":42,"twigs:cobblestone_bricks":4,"justhammers:stone_hammer":4,"minecraft:stick":4,"minecraft:stone_sword":23,"minecraft:torch":24},"minecraft:mined":{"minecraft:white_bed":3,"minecraft:mossy_cobblestone":21,"minecraft:oak_door":2,"minecraft:jungle_leaves":2,"minecraft:carved_pumpkin":1,"minecraft:granite":21,"minecraft:grass_block":42,"minecraft:jungle_log":1,"minecraft:coal_block":4,"minecraft:red_mushroom":1,"minecraft:fire":4,"treechop:chopped_log":5,"bewitchment:salt_ore":4,"regions_unexplored:medium_grass":2,"minecraft:stone":38,"twigs:opaline_seashell":1,"minecraft:green_bed":3,"minecraft:crafting_table":3,"minecraft:torch":3,"minecraft:chest":1,"create:scoria":1,"minecraft:cobblestone":11,"minecraft:tall_grass":3,"minecraft:cyan_bed":1,"techreborn:tin_ore":2,"supplementaries:urn":3,"minecraft:birch_planks":8,"amendments:directional_cake":1,"twigs:tangerine_seashell":1,"regions_unexplored:sandy_grass":3,"minecraft:grass":22,"minecraft:oak_log":1,"minecraft:coal_ore":11,"croptopia:cinnamon_leaves":3,"minecraft:sand":65,"minecraft:dirt":35,"minecraft:netherrack":10,"minecraft:oak_leaves":14,"minecraft:fern":7},"minecraft:broken":{"minecraft:stone_sword":1,"minecraft:wooden_pickaxe":1,"minecraft:stone_pickaxe":1},"minecraft:dropped":{"minecraft:birch_planks":4,"minecraft:coal":5,"minecraft:red_mushroom":4,"minecraft:stick":6,"minecraft:dirt":27,"minecraft:stone_sword":1,"minecraft:beetroot":4,"bewitchment:mandrake_seeds":1,"minecraft:calcite":2},"minecraft:used":{"minecraft:stone_sword":229,"minecraft:chest":3,"minecraft:shield":11,"minecraft:cooked_chicken":1,"minecraft:netherrack":10,"minecraft:oak_door":3,"minecraft:torch":17,"minecraft:dirt":31,"minecraft:granite":20,"croptopia:mango":1,"minecraft:cooked_mutton":1,"minecraft:birch_planks":25,"minecraft:stone_pickaxe":164,"minecraft:wooden_pickaxe":50,"minecraft:green_bed":3,"minecraft:crafting_table":4,"minecraft:white_bed":3,"minecraft:bread":17,"minecraft:cyan_bed":1,"justhammers:stone_hammer":101,"minecraft:cobblestone":346,"minecraft:golden_pickaxe":1}},"DataVersion":3465}