{"stats":{"minecraft:used":{"minecraft:stone_sword":4},"minecraft:mined":{"treechop:chopped_log":1,"minecraft:oak_leaves":5},"minecraft:picked_up":{"minecraft:birch_log":5,"minecraft:birch_sapling":1},"minecraft:custom":{"minecraft:jump":45,"minecraft:time_since_rest":5423,"minecraft:sprint_one_cm":4090,"minecraft:play_time":5423,"minecraft:damage_taken":70,"minecraft:time_since_death":5423,"minecraft:walk_one_cm":11468,"minecraft:total_world_time":5423,"minecraft:hex":0,"minecraft:fall_one_cm":1365,"minecraft:fly_one_cm":528},"minecraft:crafted":{"minecraft:birch_planks":4,"minecraft:crafting_table":1}},"DataVersion":3465}