{"stats":{"minecraft:killed":{"bewitchment:ghost":1,"minecraft:skeleton":9,"minecraft:chicken":1,"minecraft:husk":4,"graveyard:ghoul":1,"naturalist:firefly":1,"bewitchment:raven":1,"minecraft:sheep":3,"tinyskeletons:baby_skeleton":1,"minecraft:zombie":10,"minecraft:cow":2},"minecraft:picked_up":{"techreborn:raw_tin":6,"modern_industrialization:lignite_coal":11,"minecraft:crafting_table":6,"minecraft:chicken":1,"croptopia:cinnamon_log":6,"minecraft:brown_mushroom":2,"minecraft:smithing_table":1,"promenade:blunite":19,"minecraft:cornflower":1,"minecraft:jungle_trapdoor":2,"minecraft:raw_copper":17,"twigs:opaline_seashell":1,"minecraft:beef":3,"minecraft:calcite":4,"minecraft:jungle_sapling":3,"minecraft:coal_block":4,"croptopia:cinnamon_sapling":4,"minecraft:chest":1,"minecraft:birch_sapling":3,"minecraft:furnace":1,"minecraft:egg":1,"minecraft:stick":65,"minecraft:stone":11,"minecraft:oak_door":24,"promenade:asphalt":8,"minecraft:torch":13,"minecraft:green_bed":5,"minecraft:diorite":69,"minecraft:vine":1,"croptopia:banana":12,"bewitchment:garlic":2,"twigs:mossy_cobblestone_bricks":19,"minecraft:stone_sword":1,"minecraft:arrow":4,"minecraft:rotten_flesh":11,"minecraft:beetroot_seeds":1,"create:scoria":32,"minecraft:carved_pumpkin":1,"supplementaries:ash":11,"twigs:tangerine_seashell":1,"minecraft:mutton":5,"minecraft:white_wool":3,"minecraft:cobblestone":832,"minecraft:birch_log":12,"modern_industrialization:raw_antimony":3,"minecraft:feather":2,"minecraft:andesite":12,"minecraft:jungle_log":31,"minecraft:leather":3,"vinery:jungle_grape_seeds_red":17,"minecraft:smoker":1,"minecraft:red_mushroom":12,"minecraft:birch_planks":8,"croptopia:mango":10,"minecraft:tuff":10,"minecraft:oak_log":25,"minecraft:jungle_button":1,"minecraft:lapis_lazuli":27,"bewitchment:aconite_seeds":1,"minecraft:dirt":299,"minecraft:glass":29,"minecraft:bone":6,"minecraft:wheat_seeds":18,"minecraft:raw_gold":6,"bewitchment:mandrake_seeds":1,"twigs:twig":6,"minecraft:oak_planks":1,"minecraft:jungle_planks":28,"minecraft:oak_pressure_plate":14,"bewitchment:belladonna_seeds":1,"minecraft:sand":80,"bewitchment:salt":9,"justhammers:stone_hammer":1,"minecraft:blast_furnace":1,"minecraft:white_bed":6,"minecraft:cyan_bed":2,"minecraft:mossy_cobblestone":21,"minecraft:jungle_leaves":9,"croptopia:cherry":1,"minecraft:diamond":5,"minecraft:granite":143,"minecraft:emerald":10,"minecraft:oak_button":2,"bewitchment:ectoplasm":2,"minecraft:oak_sapling":10,"minecraft:oak_leaves":14,"minecraft:netherrack":10,"minecraft:coal":76},"minecraft:custom":{"minecraft:interact_with_smithing_table":11,"lootr:looted_stat":4,"minecraft:mob_kills":34,"minecraft:interact_with_crafting_table":51,"minecraft:damage_dealt_resisted":0,"minecraft:leave_game":1,"minecraft:time_since_death":40816,"minecraft:climb_one_cm":10578,"minecraft:damage_resisted":0,"minecraft:sprint_one_cm":311782,"minecraft:walk_one_cm":557315,"minecraft:damage_blocked_by_shield":411,"minecraft:drop":25,"minecraft:play_time":220470,"minecraft:deaths":7,"minecraft:sneak_time":6966,"minecraft:walk_under_water_one_cm":6018,"minecraft:jump":2086,"minecraft:interact_with_blast_furnace":2,"minecraft:walk_on_water_one_cm":9449,"minecraft:total_world_time":220470,"minecraft:interact_with_furnace":42,"minecraft:interact_with_cartography_table":2,"minecraft:sleep_in_bed":7,"minecraft:hex":0,"minecraft:time_since_rest":40873,"minecraft:damage_taken":3769,"minecraft:damage_dealt":6031,"minecraft:swim_one_cm":11584,"minecraft:fly_one_cm":126797,"minecraft:open_chest":56,"minecraft:crouch_one_cm":7770,"minecraft:interact_with_smoker":8,"minecraft:fall_one_cm":56839},"minecraft:killed_by":{"minecraft:husk":1,"minecraft:enderman":1,"artifacts:mimic":1,"minecraft:zombie":2},"minecraft:crafted":{"minecraft:jungle_button":1,"grassoverhaul:dirt_sod_patch":2,"minecraft:oak_door":4,"minecraft:oak_planks":18,"minecraft:coal":28,"minecraft:oak_pressure_plate":4,"minecraft:cooked_chicken":1,"minecraft:jungle_trapdoor":2,"minecraft:stone":68,"minecraft:cooked_mutton":4,"minecraft:glass":35,"minecraft:stone_pickaxe":5,"minecraft:chest":4,"twigs:mossy_cobblestone_bricks":10,"minecraft:oak_button":1,"minecraft:cooked_beef":3,"minecraft:wooden_shovel":3,"minecraft:diamond_sword":1,"minecraft:crafting_table":1,"minecraft:wooden_pickaxe":1,"minecraft:birch_planks":42,"minecraft:jungle_planks":86,"minecraft:charcoal":8,"twigs:cobblestone_bricks":4,"justhammers:stone_hammer":6,"minecraft:stick":4,"minecraft:stone_sword":23,"minecraft:torch":24},"minecraft:mined":{"minecraft:white_bed":6,"minecraft:mossy_cobblestone":21,"minecraft:oak_door":12,"minecraft:jungle_leaves":13,"minecraft:carved_pumpkin":1,"minecraft:granite":29,"minecraft:grass_block":181,"minecraft:jungle_log":2,"minecraft:oak_pressure_plate":8,"minecraft:coal_block":4,"minecraft:red_mushroom":1,"minecraft:furnace":1,"minecraft:fire":4,"treechop:chopped_log":7,"minecraft:vine":4,"bewitchment:salt_ore":5,"regions_unexplored:medium_grass":2,"minecraft:stone":62,"twigs:opaline_seashell":1,"minecraft:jungle_trapdoor":2,"minecraft:green_bed":5,"minecraft:smithing_table":1,"minecraft:jungle_button":1,"minecraft:smoker":1,"minecraft:crafting_table":6,"minecraft:torch":6,"minecraft:blast_furnace":1,"minecraft:chest":1,"create:scoria":1,"minecraft:glass":1,"minecraft:cobblestone":58,"minecraft:tall_grass":4,"minecraft:cyan_bed":2,"minecraft:diorite":3,"minecraft:wall_torch":5,"techreborn:tin_ore":5,"supplementaries:urn":3,"minecraft:birch_planks":8,"amendments:directional_cake":1,"twigs:tangerine_seashell":1,"regions_unexplored:sandy_grass":3,"minecraft:grass":48,"minecraft:oak_log":1,"minecraft:coal_ore":11,"croptopia:cinnamon_leaves":3,"minecraft:sand":65,"minecraft:dirt":95,"minecraft:oak_button":2,"promenade:asphalt":8,"minecraft:netherrack":10,"minecraft:oak_leaves":29,"minecraft:fern":18},"minecraft:broken":{"minecraft:wooden_shovel":2,"minecraft:stone_sword":1,"minecraft:wooden_pickaxe":1,"minecraft:stone_pickaxe":1},"minecraft:dropped":{"minecraft:brown_mushroom":2,"minecraft:birch_planks":4,"minecraft:wheat_seeds":8,"croptopia:cinnamon_sapling":2,"minecraft:jungle_planks":28,"minecraft:coal":5,"minecraft:red_mushroom":4,"minecraft:stick":6,"minecraft:dirt":57,"minecraft:cornflower":2,"bewitchment:garlic":1,"minecraft:jungle_leaves":3,"croptopia:banana":9,"bewitchment:belladonna_seeds":1,"minecraft:oak_door":2,"minecraft:stone_sword":1,"minecraft:beetroot":4,"minecraft:oak_planks":2,"bewitchment:mandrake_seeds":1,"minecraft:calcite":2},"minecraft:used":{"minecraft:jungle_leaves":6,"minecraft:stone_sword":246,"minecraft:chest":5,"minecraft:shield":13,"minecraft:wooden_shovel":102,"minecraft:cooked_chicken":1,"minecraft:netherrack":10,"minecraft:oak_door":26,"minecraft:torch":40,"minecraft:dirt":116,"minecraft:jungle_trapdoor":4,"minecraft:granite":37,"minecraft:glass":40,"minecraft:jungle_button":1,"minecraft:furnace":1,"croptopia:mango":10,"minecraft:cooked_mutton":1,"minecraft:birch_planks":25,"minecraft:stone_pickaxe":298,"minecraft:wooden_pickaxe":50,"minecraft:green_bed":5,"minecraft:oak_leaves":2,"minecraft:crafting_table":7,"minecraft:blast_furnace":1,"minecraft:white_bed":6,"minecraft:shears":27,"minecraft:smoker":1,"minecraft:bread":20,"minecraft:cyan_bed":2,"minecraft:oak_button":2,"minecraft:oak_pressure_plate":16,"grassoverhaul:dirt_sod_patch":2,"justhammers:stone_hammer":162,"minecraft:diamond_sword":6,"minecraft:cobblestone":650,"croptopia:banana":3,"minecraft:smithing_table":1,"minecraft:pumpkin_pie":4,"minecraft:golden_pickaxe":1}},"DataVersion":3465}