{"stats":{"minecraft:used":{"minecraft:stone_sword":71,"minecraft:birch_planks":22,"minecraft:stone_pickaxe":47,"minecraft:chest":1,"minecraft:wooden_pickaxe":50,"minecraft:crafting_table":4,"minecraft:bread":6},"minecraft:mined":{"minecraft:mossy_cobblestone":21,"minecraft:carved_pumpkin":1,"minecraft:crafting_table":3,"minecraft:grass_block":9,"minecraft:birch_planks":8,"twigs:tangerine_seashell":1,"treechop:chopped_log":3,"regions_unexplored:sandy_grass":3,"minecraft:grass":2,"minecraft:oak_log":1,"bewitchment:salt_ore":4,"minecraft:sand":65,"minecraft:dirt":22,"regions_unexplored:medium_grass":2,"minecraft:stone":33,"minecraft:oak_leaves":13,"twigs:opaline_seashell":1,"minecraft:fern":4},"minecraft:picked_up":{"minecraft:birch_log":12,"minecraft:crafting_table":3,"minecraft:feather":1,"minecraft:leather":3,"minecraft:red_mushroom":4,"minecraft:birch_planks":8,"minecraft:oak_log":25,"minecraft:dirt":38,"minecraft:bone":3,"twigs:opaline_seashell":1,"minecraft:wheat_seeds":2,"minecraft:beef":3,"twigs:twig":5,"minecraft:birch_sapling":3,"minecraft:stick":2,"minecraft:sand":64,"bewitchment:salt":7,"minecraft:mossy_cobblestone":21,"croptopia:cherry":1,"twigs:mossy_cobblestone_bricks":19,"minecraft:arrow":4,"minecraft:rotten_flesh":1,"minecraft:beetroot_seeds":1,"minecraft:carved_pumpkin":1,"bewitchment:ectoplasm":1,"minecraft:oak_sapling":10,"twigs:tangerine_seashell":1,"minecraft:mutton":4,"minecraft:white_wool":2,"minecraft:cobblestone":33},"minecraft:custom":{"minecraft:interact_with_furnace":1,"minecraft:mob_kills":13,"minecraft:interact_with_crafting_table":12,"minecraft:time_since_death":22860,"minecraft:sleep_in_bed":1,"minecraft:climb_one_cm":244,"minecraft:hex":0,"minecraft:time_since_rest":7564,"minecraft:sprint_one_cm":135433,"minecraft:damage_taken":537,"minecraft:walk_one_cm":89470,"minecraft:damage_dealt":1538,"minecraft:swim_one_cm":9938,"minecraft:fly_one_cm":39509,"minecraft:open_chest":1,"minecraft:crouch_one_cm":417,"minecraft:play_time":41423,"minecraft:deaths":1,"minecraft:sneak_time":299,"minecraft:walk_under_water_one_cm":862,"minecraft:jump":386,"minecraft:walk_on_water_one_cm":7208,"minecraft:total_world_time":41423,"minecraft:fall_one_cm":8152},"minecraft:crafted":{"minecraft:crafting_table":1,"minecraft:wooden_pickaxe":1,"minecraft:birch_planks":42,"minecraft:stick":4,"minecraft:stone_pickaxe":1,"minecraft:stone_sword":2,"minecraft:chest":1,"twigs:mossy_cobblestone_bricks":10},"minecraft:broken":{"minecraft:wooden_pickaxe":1},"minecraft:killed_by":{"minecraft:zombie":1},"minecraft:killed":{"graveyard:ghoul":1,"naturalist:firefly":1,"bewitchment:raven":1,"minecraft:sheep":2,"minecraft:skeleton":4,"tinyskeletons:baby_skeleton":1,"minecraft:zombie":1,"minecraft:cow":2}},"DataVersion":3465}