{"stats":{"minecraft:used":{"minecraft:stone_sword":71,"minecraft:birch_planks":14,"minecraft:bread":6,"minecraft:wooden_pickaxe":47,"minecraft:crafting_table":2},"minecraft:mined":{"minecraft:birch_planks":8,"minecraft:mossy_cobblestone":21,"twigs:tangerine_seashell":1,"regions_unexplored:sandy_grass":3,"treechop:chopped_log":3,"minecraft:carved_pumpkin":1,"minecraft:crafting_table":1,"minecraft:grass":1,"minecraft:grass_block":1,"minecraft:oak_log":1,"minecraft:sand":65,"regions_unexplored:medium_grass":2,"twigs:opaline_seashell":1,"minecraft:oak_leaves":13,"minecraft:fern":4},"minecraft:picked_up":{"minecraft:birch_log":12,"minecraft:crafting_table":1,"minecraft:feather":1,"minecraft:leather":3,"minecraft:red_mushroom":4,"minecraft:birch_planks":8,"minecraft:sand":64,"minecraft:oak_log":25,"minecraft:dirt":8,"minecraft:mossy_cobblestone":21,"croptopia:cherry":1,"minecraft:arrow":4,"minecraft:bone":3,"twigs:opaline_seashell":1,"minecraft:rotten_flesh":1,"minecraft:beetroot_seeds":1,"minecraft:wheat_seeds":2,"minecraft:beef":3,"minecraft:carved_pumpkin":1,"minecraft:birch_sapling":3,"bewitchment:ectoplasm":1,"minecraft:oak_sapling":10,"twigs:twig":5,"minecraft:mutton":4,"twigs:tangerine_seashell":1,"minecraft:white_wool":2},"minecraft:custom":{"minecraft:time_since_rest":10999,"minecraft:sprint_one_cm":121975,"minecraft:damage_taken":507,"minecraft:walk_one_cm":74465,"minecraft:mob_kills":13,"minecraft:damage_dealt":1538,"minecraft:swim_one_cm":9938,"minecraft:interact_with_crafting_table":7,"minecraft:fly_one_cm":32716,"minecraft:crouch_one_cm":322,"minecraft:play_time":29423,"minecraft:deaths":1,"minecraft:sneak_time":160,"minecraft:walk_under_water_one_cm":862,"minecraft:jump":315,"minecraft:time_since_death":10860,"minecraft:walk_on_water_one_cm":7208,"minecraft:climb_one_cm":244,"minecraft:total_world_time":29423,"minecraft:hex":0,"minecraft:fall_one_cm":6371},"minecraft:crafted":{"minecraft:crafting_table":1,"minecraft:stick":4,"minecraft:wooden_pickaxe":1,"twigs:mossy_cobblestone_bricks":10,"minecraft:birch_planks":42},"minecraft:killed_by":{"minecraft:zombie":1},"minecraft:killed":{"minecraft:sheep":2,"minecraft:skeleton":4,"tinyskeletons:baby_skeleton":1,"minecraft:zombie":1,"graveyard:ghoul":1,"naturalist:firefly":1,"bewitchment:raven":1,"minecraft:cow":2}},"DataVersion":3465}