{"stats":{"minecraft:used":{"minecraft:stone_sword":52,"minecraft:birch_planks":6,"minecraft:bread":5,"minecraft:wooden_pickaxe":15,"minecraft:crafting_table":1},"minecraft:mined":{"treechop:chopped_log":3,"minecraft:carved_pumpkin":1,"minecraft:crafting_table":1,"minecraft:grass":1,"minecraft:grass_block":1,"minecraft:oak_log":1,"minecraft:sand":13,"minecraft:oak_leaves":5},"minecraft:picked_up":{"minecraft:birch_log":12,"minecraft:crafting_table":1,"minecraft:feather":1,"minecraft:red_mushroom":4,"minecraft:sand":13,"minecraft:oak_log":25,"minecraft:dirt":1,"croptopia:cherry":1,"minecraft:arrow":4,"minecraft:bone":3,"minecraft:rotten_flesh":1,"minecraft:carved_pumpkin":1,"minecraft:birch_sapling":3,"bewitchment:ectoplasm":1,"minecraft:oak_sapling":9,"twigs:twig":4,"minecraft:mutton":4,"minecraft:white_wool":2},"minecraft:custom":{"minecraft:time_since_rest":17423,"minecraft:sprint_one_cm":57705,"minecraft:damage_taken":348,"minecraft:walk_one_cm":49924,"minecraft:mob_kills":11,"minecraft:damage_dealt":1305,"minecraft:swim_one_cm":1078,"minecraft:interact_with_crafting_table":5,"minecraft:fly_one_cm":8786,"minecraft:crouch_one_cm":185,"minecraft:play_time":17423,"minecraft:sneak_time":126,"minecraft:walk_under_water_one_cm":55,"minecraft:jump":177,"minecraft:time_since_death":17423,"minecraft:walk_on_water_one_cm":3420,"minecraft:climb_one_cm":244,"minecraft:total_world_time":17423,"minecraft:hex":0,"minecraft:fall_one_cm":3523},"minecraft:crafted":{"minecraft:crafting_table":1,"minecraft:stick":1,"minecraft:wooden_pickaxe":1,"minecraft:birch_planks":42},"minecraft:killed":{"minecraft:sheep":2,"minecraft:skeleton":4,"tinyskeletons:baby_skeleton":1,"minecraft:zombie":1,"graveyard:ghoul":1,"naturalist:firefly":1,"bewitchment:raven":1}},"DataVersion":3465}