{"stats":{"minecraft:used":{"minecraft:cooked_mutton":1,"minecraft:stone_sword":196,"minecraft:birch_planks":25,"minecraft:stone_pickaxe":124,"minecraft:chest":3,"minecraft:wooden_pickaxe":50,"minecraft:cooked_chicken":1,"minecraft:netherrack":10,"minecraft:torch":11,"minecraft:dirt":31,"minecraft:crafting_table":4,"minecraft:bread":12,"justhammers:stone_hammer":31},"minecraft:mined":{"minecraft:mossy_cobblestone":21,"minecraft:carved_pumpkin":1,"minecraft:crafting_table":3,"minecraft:torch":1,"minecraft:granite":8,"minecraft:grass_block":26,"minecraft:chest":1,"create:scoria":1,"minecraft:coal_block":4,"minecraft:tall_grass":3,"minecraft:red_mushroom":1,"techreborn:tin_ore":2,"minecraft:birch_planks":8,"minecraft:fire":4,"twigs:tangerine_seashell":1,"treechop:chopped_log":4,"regions_unexplored:sandy_grass":3,"croptopia:cinnamon_leaves":3,"minecraft:grass":16,"minecraft:coal_ore":11,"minecraft:oak_log":1,"bewitchment:salt_ore":4,"minecraft:sand":65,"minecraft:dirt":28,"regions_unexplored:medium_grass":2,"minecraft:stone":35,"minecraft:netherrack":10,"minecraft:oak_leaves":14,"twigs:opaline_seashell":1,"minecraft:fern":6},"minecraft:picked_up":{"minecraft:birch_log":12,"techreborn:raw_tin":2,"modern_industrialization:lignite_coal":8,"minecraft:crafting_table":3,"modern_industrialization:raw_antimony":2,"minecraft:feather":2,"minecraft:chicken":1,"croptopia:cinnamon_log":5,"minecraft:andesite":12,"vinery:jungle_grape_seeds_red":17,"minecraft:leather":3,"minecraft:red_mushroom":8,"minecraft:birch_planks":8,"minecraft:tuff":10,"minecraft:oak_log":25,"promenade:blunite":19,"minecraft:lapis_lazuli":23,"bewitchment:aconite_seeds":1,"minecraft:dirt":58,"minecraft:raw_copper":17,"minecraft:bone":3,"twigs:opaline_seashell":1,"minecraft:wheat_seeds":5,"minecraft:beef":3,"croptopia:cinnamon_sapling":1,"minecraft:coal_block":4,"twigs:twig":6,"minecraft:chest":1,"minecraft:birch_sapling":3,"minecraft:stick":2,"minecraft:torch":1,"minecraft:sand":64,"bewitchment:salt":7,"justhammers:stone_hammer":1,"minecraft:diorite":13,"minecraft:mossy_cobblestone":21,"croptopia:cherry":1,"twigs:mossy_cobblestone_bricks":19,"minecraft:stone_sword":1,"minecraft:arrow":4,"minecraft:rotten_flesh":10,"minecraft:beetroot_seeds":1,"create:scoria":32,"minecraft:granite":113,"minecraft:carved_pumpkin":1,"minecraft:netherrack":10,"bewitchment:ectoplasm":2,"minecraft:coal":11,"minecraft:oak_sapling":10,"twigs:tangerine_seashell":1,"minecraft:mutton":5,"minecraft:white_wool":3,"minecraft:cobblestone":206},"minecraft:custom":{"minecraft:interact_with_smithing_table":5,"minecraft:interact_with_furnace":16,"minecraft:mob_kills":26,"minecraft:interact_with_crafting_table":25,"minecraft:damage_dealt_resisted":0,"minecraft:time_since_death":20663,"minecraft:damage_resisted":0,"minecraft:sleep_in_bed":4,"minecraft:climb_one_cm":2013,"minecraft:hex":0,"minecraft:time_since_rest":20702,"minecraft:sprint_one_cm":203240,"minecraft:damage_taken":1373,"minecraft:walk_one_cm":191161,"minecraft:drop":2,"minecraft:damage_dealt":4135,"minecraft:swim_one_cm":11584,"minecraft:fly_one_cm":65276,"minecraft:open_chest":16,"minecraft:crouch_one_cm":1768,"minecraft:play_time":89423,"minecraft:deaths":2,"minecraft:sneak_time":4746,"minecraft:walk_under_water_one_cm":6018,"minecraft:jump":816,"minecraft:walk_on_water_one_cm":7744,"minecraft:interact_with_smoker":1,"minecraft:total_world_time":89423,"minecraft:fall_one_cm":15638},"minecraft:crafted":{"minecraft:cooked_beef":3,"minecraft:coal":28,"minecraft:crafting_table":1,"minecraft:wooden_pickaxe":1,"minecraft:cooked_chicken":1,"minecraft:birch_planks":42,"minecraft:cooked_mutton":4,"minecraft:stick":4,"minecraft:stone_pickaxe":2,"minecraft:stone_sword":23,"minecraft:chest":2,"twigs:mossy_cobblestone_bricks":10,"minecraft:torch":24},"minecraft:dropped":{"minecraft:stone_sword":1,"minecraft:dirt":27},"minecraft:broken":{"minecraft:stone_sword":1,"minecraft:wooden_pickaxe":1,"minecraft:stone_pickaxe":1},"minecraft:killed_by":{"minecraft:husk":1,"minecraft:zombie":1},"minecraft:killed":{"minecraft:husk":4,"graveyard:ghoul":1,"naturalist:firefly":1,"bewitchment:ghost":1,"bewitchment:raven":1,"minecraft:sheep":3,"minecraft:skeleton":4,"tinyskeletons:baby_skeleton":1,"minecraft:zombie":7,"minecraft:chicken":1,"minecraft:cow":2}},"DataVersion":3465}