{"stats":{"minecraft:used":{"minecraft:stone_sword":164,"minecraft:birch_planks":22,"minecraft:stone_pickaxe":57,"minecraft:chest":3,"minecraft:wooden_pickaxe":50,"minecraft:dirt":11,"minecraft:crafting_table":4,"minecraft:bread":12},"minecraft:mined":{"minecraft:mossy_cobblestone":21,"minecraft:carved_pumpkin":1,"minecraft:crafting_table":3,"minecraft:grass_block":26,"minecraft:chest":1,"minecraft:tall_grass":3,"minecraft:red_mushroom":1,"techreborn:tin_ore":2,"minecraft:birch_planks":8,"minecraft:fire":4,"twigs:tangerine_seashell":1,"treechop:chopped_log":3,"regions_unexplored:sandy_grass":3,"minecraft:grass":12,"minecraft:coal_ore":6,"minecraft:oak_log":1,"bewitchment:salt_ore":4,"minecraft:sand":65,"minecraft:dirt":26,"regions_unexplored:medium_grass":2,"minecraft:stone":33,"minecraft:oak_leaves":13,"twigs:opaline_seashell":1,"minecraft:fern":4},"minecraft:picked_up":{"minecraft:birch_log":12,"techreborn:raw_tin":2,"minecraft:crafting_table":3,"minecraft:feather":2,"minecraft:chicken":1,"minecraft:leather":3,"minecraft:red_mushroom":8,"minecraft:birch_planks":8,"minecraft:oak_log":25,"minecraft:dirt":58,"minecraft:bone":3,"twigs:opaline_seashell":1,"minecraft:wheat_seeds":4,"minecraft:beef":3,"twigs:twig":5,"minecraft:chest":1,"minecraft:birch_sapling":3,"minecraft:stick":2,"minecraft:sand":64,"bewitchment:salt":7,"minecraft:mossy_cobblestone":21,"croptopia:cherry":1,"twigs:mossy_cobblestone_bricks":19,"minecraft:stone_sword":1,"minecraft:arrow":4,"minecraft:rotten_flesh":6,"minecraft:beetroot_seeds":1,"minecraft:carved_pumpkin":1,"bewitchment:ectoplasm":1,"minecraft:coal":6,"minecraft:oak_sapling":10,"twigs:tangerine_seashell":1,"minecraft:mutton":4,"minecraft:white_wool":2,"minecraft:cobblestone":33},"minecraft:custom":{"minecraft:interact_with_furnace":1,"minecraft:mob_kills":17,"minecraft:interact_with_crafting_table":13,"minecraft:time_since_death":34860,"minecraft:sleep_in_bed":2,"minecraft:climb_one_cm":350,"minecraft:hex":0,"minecraft:time_since_rest":5693,"minecraft:sprint_one_cm":185699,"minecraft:damage_taken":850,"minecraft:walk_one_cm":114672,"minecraft:drop":1,"minecraft:damage_dealt":2620,"minecraft:swim_one_cm":11584,"minecraft:fly_one_cm":57406,"minecraft:open_chest":4,"minecraft:crouch_one_cm":991,"minecraft:play_time":53423,"minecraft:deaths":1,"minecraft:sneak_time":1759,"minecraft:walk_under_water_one_cm":6018,"minecraft:jump":539,"minecraft:walk_on_water_one_cm":7744,"minecraft:total_world_time":53423,"minecraft:fall_one_cm":10840},"minecraft:crafted":{"minecraft:crafting_table":1,"minecraft:wooden_pickaxe":1,"minecraft:birch_planks":42,"minecraft:stick":4,"minecraft:stone_pickaxe":1,"minecraft:stone_sword":2,"minecraft:chest":2,"twigs:mossy_cobblestone_bricks":10,"minecraft:torch":4},"minecraft:dropped":{"minecraft:stone_sword":1},"minecraft:broken":{"minecraft:wooden_pickaxe":1},"minecraft:killed_by":{"minecraft:zombie":1},"minecraft:killed":{"minecraft:husk":3,"graveyard:ghoul":1,"naturalist:firefly":1,"bewitchment:raven":1,"minecraft:sheep":2,"minecraft:skeleton":4,"tinyskeletons:baby_skeleton":1,"minecraft:zombie":1,"minecraft:chicken":1,"minecraft:cow":2}},"DataVersion":3465}